店铺长ID,店铺名称,地址,店铺分类,品类,省,市,区,手机
52201135,石浦观海渔港·2号渔船海鲜食府（航天科技店）,象山县云智路南湾新天地(象山航天科技城),餐饮,象山江河湖海鲜,浙江省,宁波,象山县,15257865688/0574-59120799
5786618,许府牛火锅·祖传牛骨头汤（培罗城店）,鄞州区鄞县大道培罗成广场裙楼1楼,餐饮,火锅,浙江省,宁波,鄞州区,0574-89026766
5345330,烤食汇自助烧烤火锅（天一店）,海曙区东渡路36号（老银泰对面，城中星酒店旁边）,餐饮,自助餐,浙江省,宁波,海曙区,0574-87400700
539829540,满城风鱼·衢州农家菜（宋诏桥店）,鄞州区天童北路9号（7天连锁酒店边上约20米）,餐饮,特色菜,浙江省,宁波,鄞州区,0574-87771520
5760432,韩国馆,余姚市西石山北路191号,餐饮,余姚日韩料理,浙江省,宁波,余姚市,0574-62735377
52264665,老金老汤面馆,鄞州区惠风东路61号利时金融大厦b座1楼26号商铺,餐饮,小吃快餐,浙江省,宁波,鄞州区,13386664448
195288586,老铁烤肉（学府壹号店）,鄞州区钱湖南路学府一号美食街A区A-106（大唐客栈旁）,餐饮,中式烧烤/烤串,浙江省,宁波,鄞州区,18783185319/15258112330
4776774,卡奇米酥蛋糕（体育馆店）,鄞州区桑田路265号,餐饮,生日蛋糕,浙江省,宁波,鄞州区,13736023532/13586515645
41915555,茶香香（鄞江店）,海曙区鄞江镇四明东路8号,餐饮,面包甜点,浙江省,宁波,海曙区,15356883595
189716343,小漁廠私厨,鄞州区舒波路365弄保利悠悦汇2号楼二楼,餐饮,江河湖海鲜,浙江省,宁波,鄞州区,17706887777/16605887777
4605275,半亩果生活,北仑区富邦广场c区流行前线100号南鸿装饰对面,餐饮,生日蛋糕,浙江省,宁波,北仑区,0574-86830282
5160109,英伦时光面包烘焙（长河店）,慈溪市长河镇南大路15号（长河花坛往西30米）,餐饮,慈溪生日蛋糕,浙江省,宁波,慈溪市,0574-23634224
192255390,斯诺创意蛋糕（江东店）,鄞州区曙光路565号（1-10）,餐饮,生日蛋糕,浙江省,宁波,鄞州区,18658288382/15779799889
4232063,小红烤鱼庄,余姚市富巷北1小区56-16（东大门对面）,餐饮,余姚香锅烤鱼,浙江省,宁波,余姚市富巷北1小区,18367423887
6056606,87家的蛋糕店,慈溪市浒山路34号天和家园旁,餐饮,慈溪生日蛋糕,浙江省,宁波,慈溪市,0574-63038387/18858232047
1939861772,董小姐的猪肚鸡汤（宏泰广场店）,鄞州区宏泰广场二楼F2-11-12号,餐饮,火锅,浙江省,宁波,鄞州区,19884103072/13306699992
5178486,广东烧鸭面（城下路店）,余姚市城下路12-2号保庆花园南门,餐饮,余姚小吃快餐,浙江省,宁波,余姚市,13957810535
4089194,大通冰室（城隍庙店）,海曙区开明街亚细亚对面,餐饮,饮品店,浙江省,宁波,海曙区,0574-87546233
163110374,涵山道极上日料（月湖公园店）,海曙区崇教巷6号（中山西路金汇小镇）,餐饮,日本菜,浙江省,宁波,海曙区,0574-87060666
40063981,杨铭宇黄焖鸡米饭（南裕新村店）,"鄞州区首南街道学士路1041号,1043号,1045号利时超市内",餐饮,小吃快餐,浙江省,宁波,鄞州区,13858220200
1858271,杭州一席地豆捞（周巷店）,慈溪市周巷镇开发路387号（周巷中学往西50米）,餐饮,慈溪火锅,浙江省,宁波,慈溪市,0574-63307771
194480588,谷丸屋（印象城店）,鄞州区印象城B1-17（下沉广场肯德基对面）,餐饮,日本菜,浙江省,宁波,鄞州区,0574-88205227
6574042,老地方烧烤,海曙区狮子街150号,餐饮,烧烤烤串,浙江省,宁波,海曙区,13957887739
2431086,索菲克牛排（北仑店）,北仑区黄山路857号富邦世纪广场C区5幢201室,餐饮,西餐,浙江省,宁波,北仑区,0574-86182088
960560177,老底子八碗菜,鄞州区环湖东路韩岭老街公交站旁,餐饮,江浙菜,浙江省,宁波,鄞州区,18969801177
5504586,哆吉客（华胜路店）,慈溪市华胜路211号,餐饮,慈溪小吃快餐,浙江省,宁波,慈溪市,0574-63028582
41232177,俏玲珑烘焙坊,慈溪市新华街79号,餐饮,慈溪生日蛋糕,浙江省,宁波,慈溪市,15669138808
1942039495,好兄弟郭巨海鲜（集士港店）,海曙区集士港春华路杰迈众创园(天港漫非对面),餐饮,江河湖海鲜,浙江省,宁波,海曙区,0574-82825777
5655359,V5香锅烤鱼（北仑银泰城店）,北仑区中河路399号银泰城4层,餐饮,香锅烤鱼,浙江省,宁波,北仑区,0574-55867778
6556492,桥头排骨（明州路店）,北仑区明州路164号（必胜客旁）,餐饮,小吃快餐,浙江省,宁波,北仑区,16678050541
1573000936,班花串串香火锅（东裕店）,鄞州区东裕路十里街区3号街1-7号（2楼）,餐饮,火锅,浙江省,宁波,鄞州区,13325848552
799778,骑士牛排（鄞州万达店）,鄞州区四明中路999号万达广场2楼阿拉宁波美食街内,餐饮,西餐,浙江省,宁波,鄞州区,0574-88086161
6625082,正新鸡排（振兴路店）,鄞州区邱隘振兴路94号（凡仔汉堡对面）,餐饮,小吃快餐,浙江省,宁波,鄞州区,13306683990
6265836,味藏日本料理（箕漕街店）,鄞州区箕漕街53-1号,餐饮,日本菜,浙江省,宁波,鄞州区,0574-87455583/15888038583
2547312,M Cake烘焙坊,余姚市巍星路110号（叶氏水果和老婆大人中间）,餐饮,余姚生日蛋糕,浙江省,宁波,余姚市,13355909559/15824500693
40937302,戈尔登酒店·满堂彩咖啡厅,鄞州区嵩江东路577号戈尔登国际酒店内（近印象城）,餐饮,西餐,浙江省,宁波,鄞州区,0574-89111011
1777235758,大石起火锅烧烤,海曙区海曙区石碶北路49弄22号,餐饮,火锅,浙江省,宁波,海曙区,18958275576
6882879,派乐汉堡（利时广场店）,慈溪市机电路利时广场1楼东面,餐饮,慈溪西餐,浙江省,宁波,慈溪市,0574-55840880
4011623,武汉鸭脖（百丈路店）,鄞州区百丈东路102号,餐饮,小吃快餐,浙江省,宁波,鄞州区,13626842505
843511,汉通东林海鲜大酒店（鼓楼孝闻街店）,海曙区孝闻街135号,餐饮,江浙菜,浙江省,宁波,海曙区,0574-87275788
41798813,莉莎比亚蛋糕店（象山靖南店）,象山县靖南大街237号（象山靖南店）,餐饮,象山生日蛋糕,浙江省,宁波,象山县,0574-65085966
2710910,一席地（孙塘北路店）,慈溪市孙塘北路788号,餐饮,慈溪火锅,浙江省,宁波,慈溪市,0574-63117555
85253194,叁平方精品连锁超市（里仁店）,北仑区岷山路267号（里仁花园门口一期）,餐饮,外卖,浙江省,宁波,北仑区,13325947975
2549546,酒足饭饱,鄞州区百丈东路909弄15号（兴业大厦后面，鸡毛兑糖旁边）,餐饮,江浙菜,浙江省,宁波,鄞州区,0574-87992289
2511073,开元名都大酒店·伊莎贝拉西餐厅（首南中路店）,鄞州区首南中路666号开元名都大酒店1楼（近天童南路）,餐饮,西餐,浙江省,宁波,鄞州区,0574-83078788/83078789
165356108,御龙荟·海鲜姿造美学餐厅（天一店）,海曙区日新街亿彩购物中心二楼（威斯汀酒店旁）,餐饮,自助餐,浙江省,宁波,海曙区,0574-87287779/15058897149
848528,湘味人家（嵩山老店）,北仑区嵩山路898号（近小肥羊）,餐饮,川湘菜,浙江省,宁波,北仑区,0574-86860107
843534,京都居酒屋（彩虹路店）,鄞州区彩虹北路雷公巷117号（竹海农庄隔壁）,餐饮,日本菜,浙江省,宁波,鄞州区,0574-87332186
1965442426,戎记牛肉火锅·现切牛肉,鄞州区宁波市鄞州区五乡镇中洲路34-36号,餐饮,火锅,浙江省,宁波,鄞州区,18106690539
4630554,胖子烤鱼（观海卫店）,慈溪市观海卫镇南央路56号一楼,餐饮,慈溪香锅烤鱼,浙江省,宁波,慈溪市,0574-23689556
6562523,Sometimes咖啡馆,慈溪市上林坊虎屿街85号,餐饮,慈溪饮品店,浙江省,宁波,慈溪市,15968022953
162889031,红泥小火炉烤肉（宁波总店）,鄞州区大步街11号,餐饮,中式烧烤/烤串,浙江省,宁波,鄞州区,0574-87190241
40778435,江南春色海鲜餐厅,鄞州区中山东路1999号文化广场7幢B-7,餐饮,江河湖海鲜,浙江省,宁波,鄞州区,0574-87958166
41103898,广东烧烤（富邦广场店）,北仑区岷山路969号,餐饮,烧烤烤串,浙江省,宁波,北仑区,13136363729
919757912,原始泥炉烤肉（中信国际店）,鄞州区江东北路29号中信国际大酒店一楼停车场旁,餐饮,中式烧烤/烤串,浙江省,宁波,鄞州区,0574-88356780
5421309,一粒香台湾饭团（南部商务区店）,鄞州区南部商务区水街西区肯德基下面下沉式广场4号,餐饮,小吃快餐,浙江省,宁波,鄞州区,18357476203
6833699,怡咖啡自助餐·宁波香格里拉大酒店（香格里拉大酒店）,鄞州区豫源街88号香格里拉大酒店2楼（近江东北路）,餐饮,自助餐,浙江省,宁波,鄞州区,0574-87998822
610721133,大江户居酒屋（宁波万象汇店）,鄞州区钱湖北路万象汇商业广场第L2层L228号,餐饮,日本菜,浙江省,宁波,鄞州区,13336889288
843684,南苑饭店汀兰居,海曙区灵桥路2号南苑饭店1楼大厅（近长春路）,餐饮,自助餐,浙江省,宁波,海曙区,0574-87095666
5849308,百思味黄焖鸡米饭（万达江北店）,江北区江北大道188号万达广场万达金街69号,餐饮,小吃快餐,浙江省,宁波,江北区,18067136120
86581927,欢乐牧场烧烤涮自助餐厅,海曙区开明街351号食方世界3楼（永耀大酒店旁）,餐饮,火锅,浙江省,宁波,海曙区,0574-87080683
847369,郭巨渔村老头子海鲜楼,北仑区嵩山路870-878号,餐饮,江河湖海鲜,浙江省,宁波,北仑区,0574-86834567/86833535
6691563,YOYO熊私家烘焙坊,北仑区岷山路961号（近世贸湾二期同侧靠富邦广场）,餐饮,生日蛋糕,浙江省,宁波,北仑区,0574-86876177
722712913,原始泥炉烤肉（钱湖天地店）,鄞州区宁波市鄞州区中河街道钱湖北路439弄77-5号,餐饮,中式烧烤/烤串,浙江省,宁波,鄞州区,0574-88353859/18514029212
4899207,鲜粥坊,北仑区新大路928号,餐饮,小吃快餐,浙江省,宁波,北仑区,0574-86825262
1537156,佰迪森咖啡,海曙区环成西路南段152号（丽园尚都）,餐饮,西餐,浙江省,宁波,海曙区,0574-87151818
178114398,鸟町居酒屋,鄞州区光华路5号金东岸河边,餐饮,日本菜,浙江省,宁波,鄞州区,17757451938
5364132,浓浓的爱,鄞州区姜山镇人民中路116–118号,餐饮,生日蛋糕,浙江省,宁波,鄞州区,0574-88071816
40582277,梁弄大糕（环城南路店）,慈溪市周巷镇环城南路439号,餐饮,慈溪小吃快餐,浙江省,宁波,慈溪市,13858214088/15888095860
1731731306,香港粗菜馆·粤菜,鄞州区民安东路会展中心11号楼奇柯荟4楼,餐饮,粤港菜,浙江省,宁波,鄞州区,0574-88276399
40096647,卷卷爱寿司（银亿都会店）,海曙区雅戈尔大道银亿都会广场1楼,餐饮,日本菜,浙江省,宁波,海曙区,15867871586
6958808,高粱红手擀面（天一东渡路店）,海曙区东渡路18号（世贸广场对面、贴阁碧旁边）,餐饮,小吃快餐,浙江省,宁波,海曙区,0574-87345666
743911442,宁海小吃,海曙区恒春街149号,餐饮,小吃快餐,浙江省,宁波,海曙区,13586507775
83786,威斯汀酒店·知味自助餐厅（日新街店）,海曙区日新街75号威斯汀酒店2楼（天一广场乐购超市对面）,餐饮,自助餐,浙江省,宁波,海曙区,0574-89113299
5713783,香颂chanson（世纪东方广场店）,鄞州区中山东路1083号世纪东方广场地下一层B028号（银泰超市门口）,餐饮,生日蛋糕,浙江省,宁波,鄞州区,0574-87155817/18657489622
194746675,蚝翅·高压锅生蚝（集盒店）,鄞州区徐戎路039号,餐饮,烧烤烤串,浙江省,宁波,鄞州区,0574-87296676/4000574717
4250255,面包诱惑（银泰总店）,慈溪市浒山糖坊路103-105号（银泰城西侧）,餐饮,慈溪生日蛋糕,浙江省,宁波,慈溪市,0574-63772927/17858895172
2416999,朱大龙虾煲庄,慈溪市浒山南二环线586号（金南宾馆）,餐饮,慈溪小龙虾,浙江省,宁波,慈溪市,0574-63102216/13968208892
610721133,大江户居酒屋（宁波万象汇店）,鄞州区钱湖北路万象汇商业广场第L2层L228号,餐饮,日本菜,浙江省,宁波,鄞州区,13336889288
4002666,尚品宫韩式自助烤肉（轻纺城店）,海曙区雅戈尔大道145-151号洛兹广场B座F3室（洛兹广场B座3楼006F）,餐饮,烧烤烤串,浙江省,宁波,海曙区,0574-88257997
2576675,椰农,海曙区公园路77弄1号,餐饮,面包甜点,浙江省,宁波,海曙区,0574-87238161
86581927,欢乐牧场烧烤涮自助餐厅,海曙区开明街351号食方世界3楼（永耀大酒店旁）,餐饮,火锅,浙江省,宁波,海曙区,0574-87080683
6591419,艾菲蛋糕（海曙店）,海曙区新典路77号,餐饮,生日蛋糕,浙江省,宁波,海曙区,13586575683
40228589,小虎豆浆,慈溪市教场山东路93号,餐饮,慈溪小吃快餐,浙江省,宁波,慈溪市,13116623233
722712913,原始泥炉烤肉（钱湖天地店）,鄞州区宁波市鄞州区中河街道钱湖北路439弄77-5号,餐饮,中式烧烤/烤串,浙江省,宁波,鄞州区,0574-88353859/18514029212
5963740,沈氏祖傳·老寜波油贊子（鼓楼总店）,海曙区府桥街68弄16号,餐饮,小吃快餐,浙江省,宁波,海曙区,13968319702/15257888757
1857241,威斯汀酒店·中国元素中餐厅,海曙区日新街75号威斯汀酒店3-4楼（近天一广场）,餐饮,江浙菜,浙江省,宁波,海曙区,0574-81877777
178114398,鸟町居酒屋,鄞州区光华路5号金东岸河边,餐饮,日本菜,浙江省,宁波,鄞州区,17757451938
5447074,汉江韩国料理（南二环店）,慈溪市白沙路街道南二环东路1298号,餐饮,慈溪日韩料理,浙江省,宁波,慈溪市,15058066130
843984,戚家山宾馆中餐厅,北仑区小港开发区东海路20号戚家山宾馆内,餐饮,特色菜,浙江省,宁波,北仑区,0574-86183101
195190251,有骨气•筒骨砂锅（世纪东方店）,鄞州区中山东路1083号世纪东方广场一楼,餐饮,火锅,浙江省,宁波,鄞州区,0574-88276693
6557436,创食人黑鸭,鄞州区四明中路万达广场北侧,餐饮,小吃快餐,浙江省,宁波,鄞州区,13777285768
6155793,阿紫私家烘焙（天静巷店）,鄞州区天静巷128号（近利时百货北门）,餐饮,生日蛋糕,浙江省,宁波,鄞州区,13386619976
153653785,弥鹿炭火烤肉·韩国料理,海曙区鼓楼里巷府桥街38弄13号,餐饮,烧烤烤串,浙江省,宁波,海曙区,13884453119
5284171,爱心园,慈溪市横河镇杨梅大道183号（农村合作银行斜对面）,餐饮,慈溪生日蛋糕,浙江省,宁波,慈溪市,13867884480/13505787816
5702754,奥泽烘焙,海曙区集士港蕙兰路61-63号（井亭家园底商）,餐饮,生日蛋糕,浙江省,宁波,海曙区,13906618715
798206692,海林家土灶鸡,鄞州区集锦街152号,餐饮,特色菜,浙江省,宁波,鄞州区,16257452222/15751618000
41743332,私享家烘焙（南部商务区店）,鄞州区南部商务区城市摩尔商业街天健巷77号,餐饮,生日蛋糕,浙江省,宁波,鄞州区,15968900595
41684176,大理寺云南过桥米线（翠柏店）,海曙区体育场路68号（东道煮火锅对面）,餐饮,小吃快餐,浙江省,宁波,海曙区,15728032122
162885456,蜀大侠火锅（天一广场店）,海曙区天一广场华楼巷72-92号（新石浦大酒店后门）,餐饮,火锅,浙江省,宁波,海曙区,0574-88265003
4057387,北京烤鸭（西门店）,慈溪市新江路586号西门菜市场正对面,餐饮,慈溪北京菜,浙江省,宁波,慈溪市,15990295335
40454684,SWEET CAKE私味创艺蛋糕,海曙区南门街道迎春街57号,餐饮,生日蛋糕,浙江省,宁波,海曙区,18606598831
559228462,甬尚名灶,鄞州区科技路202号,餐饮,江河湖海鲜,浙江省,宁波,鄞州区,13738817797
5033513,佳养记百味鸡煲（鄞州店）,鄞州区四明广场36号（近天港禧悦酒店）,餐饮,火锅,浙江省,宁波,鄞州区,0574-88310537
40378587,吉诺披萨餐厅,鄞州区姜山镇南大东路026号,餐饮,西餐,浙江省,宁波,鄞州区,13780092003
1772648932,川味之家,鄞州区滨江商业广场桃源街390-392号,餐饮,川湘菜,浙江省,宁波,鄞州区,18657471195
2688342,拾笺（轻纺城店）,海曙区雅戈尔大道126-5号（近轻纺城）,餐饮,生日蛋糕,浙江省,宁波,海曙区,0574-28862266
4779250,Marduff玛尔达芙（观城店）,慈溪市观海卫振观路27-29号,餐饮,慈溪生日蛋糕,浙江省,宁波,慈溪市,0574-63669718
1856061,要德鲜派老火锅（联丰店）,海曙区环城西路南段262号,餐饮,火锅,浙江省,宁波,海曙区,0574-55224799
2491108,MY.girl蜜菓（银亿海尚广场店）,镇海区骆驼银亿海尚广场三五路426弄49号（保利影院后门步行街）,餐饮,饮品店,浙江省,宁波,镇海区,18142036655
4489616,御喜玛蛋糕,鄞州区王隘路47弄4号（近写意春秋小区）,餐饮,生日蛋糕,浙江省,宁波,鄞州区,0574-27890067/18606603790
193988387,名炉火吧木炭烤肉,鄞州区清水桥路377号,餐饮,中式烧烤/烤串,浙江省,宁波,鄞州区,0574-83888190
5292342,爵士牛排（杭州湾店）,慈溪市金源大道世纪金源购物中心永辉超市四楼,餐饮,慈溪西餐,浙江省,宁波,慈溪市,0574-82352181
6485165,鱼乡客烤鱼餐厅（慈百路店）,慈溪市慈百路217-219号（长途汽车站往西400米，金海湾大厦下面）,餐饮,慈溪香锅烤鱼,浙江省,宁波,慈溪市,18258711585
74239170,三里屯土灶炖公鸡（鄞州店）,鄞州区天源巷47号,餐饮,特色菜,浙江省,宁波,鄞州区,18912550777
4391199,海绵贝比烘培坊,余姚市东旱门北路66弄24号（舜江名苑东门口）,餐饮,余姚生日蛋糕,浙江省,宁波,余姚市,0574-62780260/13958366449
40896706,年糕的故事,慈溪市浒山街道乌山路256号（金山公园斜对面）,餐饮,慈溪小吃快餐,浙江省,宁波,慈溪市,13957454064
1634338923,山耕阙里·衢州农家菜,江北区天水广场江北区康庄南路70号天,餐饮,江浙菜,浙江省,宁波,江北区,0574-56871609/18868685772
6385684,小杨特色石锅鱼（周巷店）,慈溪市周巷开发路697号（碧塔海往西200米）,餐饮,慈溪火锅,浙江省,宁波,慈溪市,13777189731
848612,东福园饭店,海曙区公园路5号,餐饮,江浙菜,浙江省,宁波,海曙区,0574-87175777/83897999
195190251,有骨气•筒骨砂锅（世纪东方店）,鄞州区中山东路1083号世纪东方广场一楼,餐饮,火锅,浙江省,宁波,鄞州区,0574-88276693
2531899,余姚宾馆,余姚市舜水南路108号,餐饮,余姚自助餐,浙江省,宁波,余姚市,0574-62708888
5315484,夏记北京烤鸭（上林坊店）,慈溪市南门大街221号（钱塘国脉对面）,餐饮,慈溪北京菜,浙江省,宁波,慈溪市,0574-63800799/15268438388
153653785,弥鹿炭火烤肉·韩国料理,海曙区鼓楼里巷府桥街38弄13号,餐饮,烧烤烤串,浙江省,宁波,海曙区,13884453119
42758898,老陕西面馆（洪塘店）,江北区通惠路26号,餐饮,小吃快餐,浙江省,宁波,江北区,13152144419
4458247,林记烤鱼大王（泗门店）,余姚市中华路72-74号,餐饮,余姚香锅烤鱼,浙江省,宁波,余姚市,15058209925/18358411597
798206692,海林家土灶鸡,鄞州区集锦街152号,餐饮,特色菜,浙江省,宁波,鄞州区,16257452222/15751618000
6696894,火烧鸟·居酒屋（慈溪店）,慈溪市慈百路276号博洋智谷2楼,餐饮,慈溪日本菜,浙江省,宁波,慈溪市,0574-63111077/13675887768
1857942,波特曼（阳明东路店）,余姚市阳明东路72号（近移动公司）,餐饮,余姚生日蛋糕,浙江省,宁波,余姚市,0574-62621870
162885456,蜀大侠火锅（天一广场店）,海曙区天一广场华楼巷72-92号（新石浦大酒店后门）,餐饮,火锅,浙江省,宁波,海曙区,0574-88265003
6977510,余姚梁弄大糕（慈溪店）,慈溪市古塘街道后二房路44号,餐饮,慈溪小吃快餐,浙江省,宁波,慈溪市,15957416510
41601572,优卡甜心（马渚店）,余姚市马渚镇小马路18号,餐饮,余姚生日蛋糕,浙江省,宁波,余姚市,0574-62462539/18857461688
559228462,甬尚名灶,鄞州区科技路202号,餐饮,江河湖海鲜,浙江省,宁波,鄞州区,13738817797
63620506,四季永逸西餐厅,镇海区骆驼慈海南路1718号（四季永逸一楼）,餐饮,自助餐,浙江省,宁波,镇海区,0574-86568776
5448659,椰子鸡（水街店）,鄞州区南部商务区泰金巷水街4号楼3楼,餐饮,更多地方菜,浙江省,宁波,鄞州区,0574-28886188
1160642435,飞哥饭店,海曙区高君路183号,餐饮,江浙菜,浙江省,宁波,海曙区,15382445373
6332606,168烧烤（庄市店）,镇海区庄市街道聚兴路52号（庄市菜场斜对面）,餐饮,烧烤烤串,浙江省,宁波,镇海区,0574-56799727/13819887295
5715388,云石林过桥米线（初六食仓店）,北仑区新碶街道岷山路505号（银泰城）2幢505号四层4081号商铺（五号门四楼初六食仓内）,餐饮,小吃快餐,浙江省,宁波,北仑区,0574-55867799
161834995,鱼司令我家酸菜鱼（博地店）,北仑区大碶街道宝山路1282号5层C505-1,餐饮,火锅,浙江省,宁波,北仑区,15669173366
2710909,一席地（南二环线店）,慈溪市南二环线570号（南二环东路与乌山南路交叉口东行100米路北）,餐饮,慈溪火锅,浙江省,宁波,慈溪市,0574-63279999
1172280,美粥王（宁波1店）,鄞州区惊驾路281号,餐饮,小吃快餐,浙江省,宁波,鄞州区,0574-87744988
1262973734,古田村·衢州菜餐厅（集士港店）,海曙区春华路928号杰迈众创园天港漫非斜对面,餐饮,江浙菜,浙江省,宁波,海曙区,0574-87119717/15381936879
40106228,鲜目录·外带寿司（洪塘门店）,江北区洪塘中路281号（洪塘中路与江北大道交叉口）,餐饮,日本菜,浙江省,宁波,江北区,0574-87345674
4897398,披萨工坊（师桥店）,慈溪市观海卫师桥三北东路849号,餐饮,慈溪西餐,浙江省,宁波,慈溪市,15906535808
851115,蚝翅·海鲜烧烤（月湖盛园店）,海曙区盛园巷8号,餐饮,烧烤烤串,浙江省,宁波,海曙区,0574-81858133/4000574717
5888281,关东烤蹄（阳明东路店）,余姚市阳明东路246号,餐饮,余姚烧烤烤串,浙江省,宁波,余姚市,13777161820
6114993,三毛烤鱼坊,慈溪市新城大道北路677号（国际大酒店旁边）,餐饮,慈溪香锅烤鱼,浙江省,宁波,慈溪市,18989312556
1793775264,午酒小炸,鄞州区四明城市广场16号,餐饮,小吃快餐,浙江省,宁波,鄞州区,13034604444
2468352,丽清大别山鹅火锅（北仑店）,北仑区大碶街道新大路1526号明港公寓（大润发南侧）,餐饮,火锅,浙江省,宁波,北仑区,0574-86109816
850675,大渔铁板烧（天一店）,海曙区中山东路166号国际购物中心4楼（近天一广场）,餐饮,日本菜,浙江省,宁波,海曙区,0574-87684079/0574-87684080
1251057876,第一烤场,北仑区宝山路博地影秀城酒吧街c102-2,餐饮,中式烧烤/烤串,浙江省,宁波,北仑区,13199693392/18511698320
2572522,普罗旺司,慈溪市周巷镇兴业北路303号（杭州宝岛眼镜对面）,餐饮,慈溪生日蛋糕,浙江省,宁波,慈溪市,0574-63193212
5590666,O'Sha Baby欧莎贝贝（老车站店）,慈溪市南大街2-6号（观海卫路与南大街交口）,餐饮,慈溪生日蛋糕,浙江省,宁波,慈溪市,0574-63678000
5324036,光定海鲜,象山县玉泉路196号,餐饮,象山江河湖海鲜,浙江省,宁波,象山县,15305741607
40010677,重庆酸辣粉,鄞州区南大路3号（中国联通斜对面）,餐饮,小吃快餐,浙江省,宁波,鄞州区,18268655936
4422045,阿猛烤鱼王,慈溪市庵东市场路333-335号（夜明珠会所斜对面）,餐饮,慈溪香锅烤鱼,浙江省,宁波,慈溪市,13586609260/15258312299
1989894837,胡同泥炉烤肉（宁波总店）,鄞州区天童北路1209号迪赛明天广场（地铁三号线B出口）,餐饮,中式烧烤/烤串,浙江省,宁波,鄞州区,13957818833
843427,宁海食府（鼓楼孝闻店）,海曙区孝闻街77号（鼓楼步行街西面300米）,餐饮,江河湖海鲜,浙江省,宁波,海曙区,0574-87262908
5210722,玛尔达芙,北仑区海港路大榭邻里中心2区125-126号,餐饮,面包甜点,浙江省,宁波,北仑区,0574-86761522
1160642435,飞哥饭店,海曙区高君路183号,餐饮,江浙菜,浙江省,宁波,海曙区,15382445373
42249463,椿林麻辣烫（新浦店）,慈溪市新胜路87号（金利堂珠宝西隔壁）,餐饮,慈溪小吃快餐,浙江省,宁波,慈溪市,13637999600
41628313,V2juiceworld（高鑫广场店）,海曙区新星路111号高鑫广场3层,餐饮,饮品店,浙江省,宁波,海曙区,13906616150
161834995,鱼司令我家酸菜鱼（博地店）,北仑区大碶街道宝山路1282号5层C505-1,餐饮,火锅,浙江省,宁波,北仑区,15669173366
4967898,汉堡小子（西门店）,慈溪市新江路316–318号（彩虹家园沿街商铺）,餐饮,慈溪西餐,浙江省,宁波,慈溪市,0574-63807252
52684266,沐甜艺焙（水门路店）,慈溪市水门路67号（中国工商银行西10米）,餐饮,慈溪生日蛋糕,浙江省,宁波,慈溪市,18858431826
851115,蚝翅·海鲜烧烤（月湖盛园店）,海曙区盛园巷8号,餐饮,烧烤烤串,浙江省,宁波,海曙区,0574-81858133/4000574717
6797972,黑天鹅精致生活馆,慈溪市银泰东门对面金沙半岛901室（威尼斯自助餐厅楼上）,餐饮,慈溪生日蛋糕,浙江省,宁波,慈溪市,13806642868
12789,哈礼羊火锅（余姚店）,余姚市东旱门北路56、58、60号,餐饮,余姚火锅,浙江省,宁波,余姚市,0574-62683777
1793775264,午酒小炸,鄞州区四明城市广场16号,餐饮,小吃快餐,浙江省,宁波,鄞州区,13034604444
5113574,尚品韩式自助烤肉（奉化店）,奉化市斗门路3幢14-17号万达外街一楼,餐饮,奉化烧烤烤串,浙江省,宁波,奉化市,15057431239
2777176,大师傅面包工坊,宁海县跃龙街道北斗北路66号,餐饮,宁海生日蛋糕,浙江省,宁波,宁海县,0574-65599925
1186571385,鮨秋山料理,鄞州区鄞州区四明中路668-7号（利时奥特莱斯东门对面）,餐饮,日本菜,浙江省,宁波,鄞州区,15058034900/15557426830
41838286,阿胖烧烤·烤鱼,余姚市东旱门路二中往南100米路东,餐饮,余姚香锅烤鱼,浙江省,宁波,余姚市,15824521122/15958888383
40018074,Vito's Pizza滋活披萨（慈溪店）,慈溪市解放中街华润万家老浒山店1楼,餐饮,慈溪西餐,浙江省,宁波,慈溪市,0574-63027773
1475496313,勇冒红油冒菜（印象城店）,鄞州区钱湖北路印象城B1-48,餐饮,小吃快餐,浙江省,宁波,鄞州区,15957447119
3278034,新浪有约扇贝王时尚主题烤场（慈溪店）,慈溪市乌山路326号,餐饮,慈溪中式烧烤/烤串,浙江省,宁波,慈溪市,0574-63891237/13867893636
40770934,童童黄焖鸡米饭,北仑区富春江路与黄山西路交叉口南行50米路西（高塘街173号-1）,餐饮,小吃快餐,浙江省,宁波,北仑区,18668251023
1016124518,鸣辉·正本料理,江北区豪成国际11楼,餐饮,日本菜,浙江省,宁波,江北区,0574-87702200
4993785,锅亦稻食尚粥道馆（泰寓路店）,鄞州区中河街道泰寓路411、413号（近华泰餐饮一条街）,餐饮,小吃快餐,浙江省,宁波,鄞州区,0574-88291557
6232607,记在心烤鱼（周巷店）,慈溪市周巷开发路687号（碧塔海往西约200米）,餐饮,慈溪香锅烤鱼,浙江省,宁波,慈溪市,15869558755/15658267975
164618586,町山火之国·炭火烧肉·居酒屋（明州里店）,鄞州区钟公庙路270弄77号（明州里步行街内）,餐饮,烧烤烤串,浙江省,宁波,鄞州区,0574-83052362
51247081,太平洋大酒店四季饼屋（南滨江路店）,余姚市南滨江路168号太平洋大酒店内,餐饮,余姚生日蛋糕,浙江省,宁波,余姚市,0574-62886328
4791437,翻糖紀,余姚市富达广场C区18号（圆缘园往里100米）,餐饮,余姚生日蛋糕,浙江省,宁波,余姚市富达广场C区,15867455993
871362291,牛骨头面馆（世贸中心店）,海曙区车轿街23号临,餐饮,小吃快餐,浙江省,宁波,海曙区,18067417567
1490507,宁波阳光豪生大酒店豪生咖啡厅,海曙区中山西路1288号,餐饮,饮品店,浙江省,宁波,海曙区,0574-55719999
6363725,老陕西面馆（恒茂商业广场店）,海曙区广安路240号,餐饮,小吃快餐,浙江省,宁波,海曙区,13884450358
1907551758,博多一豚轩（万象汇店）,鄞州区钱湖北路351号万象汇B1楼,餐饮,日本菜,浙江省,宁波,鄞州区,0574-88159551/18106670898
41328275,MY·girl蜜菓（坎胜路店）,慈溪市坎胜路769号（华润万家西30米）,餐饮,慈溪饮品店,浙江省,宁波,慈溪市,15268888609/13486456569
1858245,汉堡小子（新华街店）,慈溪市新华路257号（三江超市往北10米）,餐饮,慈溪西餐,浙江省,宁波,慈溪市,0574-63245468
849095,宁海食府（天一阁望京店）,海曙区望京路94、96号,餐饮,江河湖海鲜,浙江省,宁波,海曙区,0574-87223777
6234671,江南鱼捞（北仑银泰城店）,北仑区中河路399号银泰城4楼4055号,餐饮,火锅,浙江省,宁波,北仑区,0574-86808808
6621858,小潘特色烤鱼烧烤,余姚市世南东路182号（南园新村-东区对面）,餐饮,余姚香锅烤鱼,浙江省,宁波,余姚市世南东路182号（南园新村-东区,18058548848/18058568858
178837852,原始泥炉烤肉（宁波总店）,海曙区船埠巷167号,餐饮,中式烧烤/烤串,浙江省,宁波,海曙区,0574-88356585
6321918,桥头排骨（南雷路店）,余姚市南雷路10号,餐饮,余姚小吃快餐,浙江省,宁波,余姚市,15967823380/15057429129
848897,自由天天（南雷路店）,余姚市南雷路228号（老南站广场对面）,餐饮,余姚饮品店,浙江省,宁波,余姚市,0574-62737977
178837852,原始泥炉烤肉（宁波总店）,海曙区船埠巷167号,餐饮,中式烧烤/烤串,浙江省,宁波,海曙区,0574-88356585
4749463,来德火锅,镇海区骆驼街道慈海南路566号,餐饮,火锅,浙江省,宁波,镇海区,0574-86593180
849739,甬正麻辣香锅（鄞州万达广场店）,鄞州区四明中路999号鄞州万达广场7号二楼阿拉宁波2F-2202,餐饮,香锅烤鱼,浙江省,宁波,鄞州区,0574-88086318/15267857987
1384678800,渔满仓海鲜人家·十年海鲜老店·夜宵开启,象山县渔港东路渔港北路26号,餐饮,象山江河湖海鲜,浙江省,宁波,象山县,0574-65979399/15058212212
51488497,舌尖陕西biangbiang面（江南路店）,鄞州区江南路544号1-8-2室,餐饮,小吃快餐,浙江省,宁波,鄞州区,0574-87459083/13957499692
4839190,第1佳大鸡排（周巷食品城店）,慈溪市周巷兴业南路62号（食品城华润万家往南10米）,餐饮,慈溪小吃快餐,浙江省,宁波,慈溪市,13429388097
138699479,ELEPHANT小象西班牙餐厅&红酒吧（和义大道店）,海曙区和义大道C区1042号（状元楼酒店和pizzapino中间）,餐饮,西餐,浙江省,宁波,海曙区,0574-81851288
6637060,佳利麻辣香锅,宁海县人民大道28号（乐购对面）,餐饮,宁海香锅烤鱼,浙江省,宁波,宁海县,0574-65175066
6560129,羊入虎口·专注烤羊腿八年门店,鄞州区箕漕街49号（地铁:距江厦桥东站约349米）,餐饮,烧烤烤串,浙江省,宁波,鄞州区,0574-87452597
1491282315,布朗熊与可妮兔,海曙区高桥镇新丰路888号恒一广场一楼1-26号,餐饮,饮品店,浙江省,宁波,海曙区,13616885450
5935836,烤鱼大王,慈溪市观海卫三北中路688号（广义路路口“老地方”隔壁）,餐饮,慈溪香锅烤鱼,浙江省,宁波,慈溪市,0574-58984335/15924365205
40708043,陈家酸汤鱼锅（胜山路店）,余姚市胜山路129号,餐饮,余姚云贵菜,浙江省,宁波,余姚市,0574-62352200
1942106225,老渔夫蟹煲（通达路店）,海曙区通达路415号南苑E家旁边,餐饮,江河湖海鲜,浙江省,宁波,海曙区,17706692809/13947070792
2579134,咔咔工坊,余姚市西石山南路11-1号,餐饮,余姚生日蛋糕,浙江省,宁波,余姚市,0574-62803227
6935147,豪大大鸡排（华山小区店）,北仑区新大路297号（星程天兴酒店旁）,餐饮,小吃快餐,浙江省,宁波,北仑区,15067471102
184655613,奶牛侠,鄞州区东郊路123弄62号,餐饮,生日蛋糕,浙江省,宁波,鄞州区,13567903487
847248,拉那巴米（鄞州万达店）,鄞州区四明中路999号鄞州万达广场1楼5号门,餐饮,生日蛋糕,浙江省,宁波,鄞州区,0574-88086126/17758217925
41285944,清心素缘素食自助,海曙区香雪路1281号（集士港公园正对面）,餐饮,自助餐,浙江省,宁波,海曙区,13777001885
517080148,枫·日式料理,海曙区西门口卖鱼路18-1号,餐饮,日本菜,浙江省,宁波,海曙区,15105740399
42185834,Candy Love糖果·爱手工糖果,慈溪市三北西大街1555号，保利MALL2楼（小猫钓鱼对面美食街通道处）,餐饮,慈溪食品保健,浙江省,宁波,慈溪市,13912339336
40282629,小晟烘焙,慈溪市大通中路303号埋沟桥往东150米,餐饮,慈溪生日蛋糕,浙江省,宁波,慈溪市,13486012822
974011084,辣城衢家（港隆广场店）,鄞州区港隆广场6号楼,餐饮,江浙菜,浙江省,宁波,鄞州区,13957480186
6110207,杭州湾环球酒店,慈溪市环城南路288号,餐饮,慈溪自助餐,浙江省,宁波,慈溪市,0574-63876015/63723456-6015
4630427,王甜品是甜品王,慈溪市上林坊虎屿街77号-79号,餐饮,慈溪生日蛋糕,浙江省,宁波,慈溪市,0574-63817615/13486462942
193134784,袍哥美蛙鱼头火锅（东部银泰城店）,鄞州区中山东路2266号东部银泰城4楼,餐饮,火锅,浙江省,宁波,鄞州区,0574-88237731
41559582,楊國福麻辣烫（北仑大润发店）,北仑区新大路1350-1358号,餐饮,小吃快餐,浙江省,宁波,北仑区,13989301042
6211157,胖子特色烤鱼（周巷店）,慈溪市慈溪市周巷镇开发路715号碧塔海往西300米（山东烤全羊隔壁）,餐饮,慈溪香锅烤鱼,浙江省,宁波,慈溪市,15268440463
553751805,有心德粤星餐厅,鄞州区丰泽路与江宁路交叉口长丰悦邻汇4楼,餐饮,粤港菜,浙江省,宁波,鄞州区,18067151773
40628780,重庆鸡公煲（联丰店）,海曙区藕缆桥联丰中路433-4号（满堂红川菜隔壁）,餐饮,川湘菜,浙江省,宁波,海曙区,0574-88252380/15397254798
41757404,高麦卷饼王（鼓楼店）,海曙区公园路72号（鼓楼臭豆腐店旁边）,餐饮,小吃快餐,浙江省,宁波,海曙区,13586792282
857787269,辛辣货卤味鸭脖（开明街店）,海曙区新街六号驰古美发沙龙对面,餐饮,小吃快餐,浙江省,宁波,海曙区,15824231439
5881234,华莱士（大碶店）,北仑区人民南路194号（新江厦西门对面）,餐饮,西餐,浙江省,宁波,北仑区,0574-26886361
6595370,六月云咖啡,慈溪市教场山路198号（华润万家西门往北200米）,餐饮,慈溪饮品店,浙江省,宁波,慈溪市,0574-63893609
169089622,老铁烤肉（北仑店）,北仑区人民北路398号（铭汇楼下）,餐饮,中式烧烤/烤串,浙江省,宁波,北仑区,15258112330/18246523193
5796953,农家地锅鸡,慈溪市周巷振工路与329国道交叉口往西50米（万佳商务酒店对面）,餐饮,慈溪特色菜,浙江省,宁波,慈溪市,13957450483
40881613,天云蛋糕,慈溪市周巷开发路平王菜市场门口（卓立集团对面）,餐饮,慈溪生日蛋糕,浙江省,宁波,慈溪市,13819886158
158919224,秋山居酒屋（鄞州万达店）,鄞州区麟寓路20号(万达广场北1号门对面),餐饮,日本菜,浙江省,宁波,鄞州区,15867839279
121016485,幸福西饼生日蛋糕（环城南路店）,鄞州区环城南路东段1057号三楼303（世纪汽车城后身）,餐饮,生日蛋糕,浙江省,宁波,鄞州区,0574-87080595/13826497682
6308368,源沣鲜果（华山路店）,北仑区华山路295-297号（加贝超市正对面）,餐饮,外卖,浙江省,宁波,北仑区,0574-26852288
51318270,忆暹罗·金泰国餐厅（1844店）,海曙区和义路102弄1号1844艺术生活广场F107-F203（靠近江边）,餐饮,东南亚菜,浙江省,宁波,海曙区,0574-87785689
6533070,OBSESS欧贝斯蛋糕（岳林广场店）,奉化市岳林街道岳林东路17-12号,餐饮,奉化生日蛋糕,浙江省,宁波,奉化市,15867552533
5978790,美丸美料,慈溪市观海卫路嘉润国际广场3楼（嘉润购物中心<3-216>室）,餐饮,慈溪小吃快餐,浙江省,宁波,慈溪市,13777981481
1657416307,至甄坊·药膳汤罐,海曙区大来街29-31号,餐饮,小吃快餐,浙江省,宁波,海曙区,18959398327
6478311,重庆鸡公煲·八味烤鱼（世纪金源广场店）,慈溪市金源大道杭州湾新区世纪金源购物中心4楼中庭北侧,餐饮,慈溪香锅烤鱼,浙江省,宁波,慈溪市金源大道杭州湾新区,13777982947
4058958,红火飞扬老汤面疙瘩（周巷店）,慈溪市大通中路61号,餐饮,慈溪小吃快餐,浙江省,宁波,慈溪市,13958393911
664953728,三十六道衢州菜,北仑区博地影秀城家庭馆6楼（家乡食谱内）,餐饮,江浙菜,浙江省,宁波,北仑区,15906589979
6248726,一起约茶（嘉润店）,慈溪市观海卫路608号嘉润购物中心3-46、3-47室,餐饮,慈溪饮品店,浙江省,宁波,慈溪市,13958266798
5750551,朴家的韩式烤肉,北仑区渭河路82号（世贸湾二期东门旁）,餐饮,烧烤烤串,浙江省,宁波,北仑区,0574-86898818
1237287420,Mr.FOUR.四厨先生,鄞州区徐戎路39号集盒广场内,餐饮,川湘菜,浙江省,宁波,鄞州区,13566080046
41730146,金港大酒店中餐厅,江北区扬善路51号金港大酒店4楼,餐饮,江浙菜,浙江省,宁波,江北区,0574-87030777/87030759
2750313,喔爸韩国料理（新大路店）,北仑区大碶街道新大路1420号,餐饮,日韩料理,浙江省,宁波,北仑区,15824511780
165851203,古京·臻致料理,海曙区镇明路528号,餐饮,自助餐,浙江省,宁波,海曙区,0574-87257520/15990531818
1856651,欧焙蛋糕（东裕店）,鄞州区东裕路379号（东裕小学东门对面）,餐饮,生日蛋糕,浙江省,宁波,鄞州区,0574-88125117/13429355840
2563785,忠记潮州海鲜粥,余姚市文山路188-8号（子陵中学斜对面）,餐饮,余姚小吃快餐,浙江省,宁波,余姚市,0574-62508088/15888536028
1484154187,釜牛烤肉,鄞州区大步街廨院巷3号,餐饮,烧烤烤串,浙江省,宁波,鄞州区,13238897878
4546713,国平蛋糕,慈溪市宗汉镇新华街191号,餐饮,慈溪生日蛋糕,浙江省,宁波,慈溪市,0574-23701715
6941970,小时光面包诱惑（嘉润国际店）,慈溪市观海卫路嘉润国际广场一楼（建设银行旁边）,餐饮,慈溪生日蛋糕,浙江省,宁波,慈溪市,15381963173/15058058829
555100071,晨间厨房（宁波华侨城店）,鄞州区东柳街道中兴路675号（优家玛特超市2-31）,餐饮,小吃快餐,浙江省,宁波,鄞州区,0574-56216656
50747723,广东烧烤（宝山路店）,北仑区大碶街道宝山路136号,餐饮,烧烤烤串,浙江省,宁波,北仑区,17757062817
50975494,芋圆糖水铺,宁海县银河路218号（宁海电大斜对面）,餐饮,宁海面包甜点,浙江省,宁波,宁海县,15257460215
1128661557,瓦记米粉（鼓楼店）,海曙区三江购物(呼童街店)55号临,餐饮,小吃快餐,浙江省,宁波,海曙区,13777037706
52174673,源沣水果（宝山路店）,北仑区新碶街道宝山路131号B幢131号,餐饮,外卖,浙江省,宁波,北仑区,0574-26881822
6572791,搜仙大虾,宁海县银河路358号,餐饮,宁海江河湖海鲜,浙江省,宁波,宁海县,13605746818
195612197,名屋小酢日式炸物文艺烧烤,鄞州区福明街道安顺路79号088幢1-24,餐饮,小吃快餐,浙江省,宁波,鄞州区,13757414082
847096,秋田日本料理（余姚店）,余姚市南滨江路178号（走酒店外面电梯2楼）,餐饮,余姚日本菜,浙江省,宁波,余姚市,13857494287
5332829,米妞烘焙,慈溪市慈溪市马潭南路中心小学斜对面（中心小学对面）,餐饮,慈溪生日蛋糕,浙江省,宁波,慈溪市,13967812506
1327555504,半岛·美食美酒下午茶（宝龙广场店）,鄞州区钱湖北路宝龙广场C馆一楼（COMMUNE旁边）,餐饮,特色菜,浙江省,宁波,鄞州区,0574-88266680/18042299908
42293714,香港村蛋糕店,鄞州区启明南路与镇东路交叉口西南角（东兴菜场旁）,餐饮,生日蛋糕,浙江省,宁波,鄞州区,15088804498/15058402368
4491897,New寿司（宁南北路店）,鄞州区钟公庙街道长丰二村55幢街面第14间,餐饮,日本菜,浙江省,宁波,鄞州区,13056912003/13248619771
169089622,老铁烤肉（北仑店）,北仑区人民北路398号（铭汇楼下）,餐饮,中式烧烤/烤串,浙江省,宁波,北仑区,15258112330/18246523193
40171541,粮全其美（掌起店）,慈溪市掌起镇镇中路277号（近掌起中心幼儿园）,餐饮,慈溪小吃快餐,浙江省,宁波,慈溪市,15988683886
6974614,少年派（姜山店）,鄞州区姜山镇人民中路280号（克莉丝汀附近）,餐饮,小吃快餐,浙江省,宁波,鄞州区,0574-83004907/18858039162
158919224,秋山居酒屋（鄞州万达店）,鄞州区麟寓路20号(万达广场北1号门对面),餐饮,日本菜,浙江省,宁波,鄞州区,15867839279
41402429,新鲜骨头饭（城下路店）,余姚市城下路8-1号,餐饮,余姚小吃快餐,浙江省,宁波,余姚市,17858873000
42396511,乡村地锅鸡,慈溪市环城北路交通警察局对面,餐饮,慈溪特色菜,浙江省,宁波,慈溪市,18268588638
51318270,忆暹罗·金泰国餐厅（1844店）,海曙区和义路102弄1号1844艺术生活广场F107-F203（靠近江边）,餐饮,东南亚菜,浙江省,宁波,海曙区,0574-87785689
6104272,陕西正宗美食,慈溪市青少年宫路24号,餐饮,慈溪小吃快餐,浙江省,宁波,慈溪市,15267816317/15267816163
5656355,金冠爱心烘焙坊（匡堰店）,慈溪市匡堰镇匡堰大道111-113号（原爱心园）,餐饮,慈溪生日蛋糕,浙江省,宁波,慈溪市,13667016189/0574-63530197
810642904,祥和川菜馆·龙虾（达升路店）,鄞州区达升路5号,餐饮,川湘菜,浙江省,宁波,鄞州区,13884423518
4461971,麦诺烘焙,慈溪市掌起镇环城南路605号（掌起中心小学对面）,餐饮,慈溪生日蛋糕,浙江省,宁波,慈溪市,0574-63776211
40005143,金冠爱心烘培坊,慈溪市樟新南路947号（肯德基北10米路东）,餐饮,慈溪生日蛋糕,浙江省,宁波,慈溪市,0574-63501237
1858247,宁海饭店,江北区风华路38弄252号（路林市场内）,餐饮,江浙菜,浙江省,宁波,江北区,0574-87610088
51102812,缙云烧饼（江南一品店）,鄞州区杨木碶路江南一品美食城内（305公寓旁）,餐饮,小吃快餐,浙江省,宁波,鄞州区,15990590340
5631553,古镇蒋家菜,奉化市溪口镇中兴西路175号（溪口宾馆对面）,餐饮,奉化江浙菜,浙江省,宁波,奉化市,0574-88873658
4867095,晓琦农家菜馆·地道农家菜,鄞州区陶公路陶公村521号（陶公山景区门口）,餐饮,江浙菜,浙江省,宁波,鄞州区,13738821576
4938802,蜜菓蜜制鮮饮（城隍庙店）,慈溪市观海卫镇观海卫市场东路5号,餐饮,慈溪饮品店,浙江省,宁波,慈溪市,13858306042
2648338,生生缘烘焙工坊,宁海县跃龙街道兴宁中路296号（大观园内）,餐饮,宁海生日蛋糕,浙江省,宁波,宁海县,13806659577
157094737,老宁波1381餐厅（宏泰广场店）,鄞州区宁穿路1462号宏泰广场北区2幢F101、F201商铺,餐饮,江浙菜,浙江省,宁波,鄞州区,0574-87158388
1490124,新余姚面馆（南二环店）,慈溪市南二环东路745号,餐饮,慈溪小吃快餐,浙江省,宁波,慈溪市,0574-63104177
5329870,后宫私人烘焙,慈溪市浒山街道上林坊5号楼龙兴街104#,餐饮,慈溪面包甜点,浙江省,宁波,慈溪市,15606691560
192595113,酒食（箕漕街店）,鄞州区箕漕街57号,餐饮,日本菜,浙江省,宁波,鄞州区,18100149775
4115146,张记烤鱼（长河店）,慈溪市长河镇南大路102号金小路路口（长河花坛往西四五百米）,餐饮,慈溪香锅烤鱼,浙江省,宁波,慈溪市,18356245737/18105847142
6042788,广东烧鸭面（南央路店）,慈溪市观海卫镇南央路22号,餐饮,慈溪小吃快餐,浙江省,宁波,慈溪市,15168128308
113779082,小时候焗海鲜（海曙亚细亚店）,海曙区药行街169号亚细亚商城A座6楼（K馆旁）,餐饮,江河湖海鲜,浙江省,宁波,海曙区,18967874177
5208023,甬王阳澄湖大闸蟹,江北区永丰北路139弄东方威尼斯东大门26号,餐饮,大闸蟹,浙江省,宁波,江北区,18957465831
5646344,舟山海鲜专卖店（金一路店）,慈溪市金一路478号（虞波广场慈吉幼儿园斜对面）,餐饮,慈溪食品保健,浙江省,宁波,慈溪市,0574-63103433
1012561086,买买提烤羊,江北区人民路老外滩86号（肯德基对面）,餐饮,新疆菜,浙江省,宁波,江北区,13958216281/0574-87595859
3272665,小城餐厅,慈溪市观海卫镇广义路455号（恒丰宾馆楼下）,餐饮,慈溪其他美食,浙江省,宁波,慈溪市,0574-63615177
4387134,爱心园（掌起店）,慈溪市掌起镇横街546-550号（公交站）,餐饮,慈溪生日蛋糕,浙江省,宁波,慈溪市,0574-63776581/15990220162
72784139,ELEPHANT小象西班牙餐厅&红酒吧（钱湖天地店）,鄞州区钱湖北路钱湖天地钱丰巷8号（必胜客宅急送旁）,餐饮,西餐,浙江省,宁波,鄞州区,0574-88397379
42357955,普罗旺司（庵东店）,慈溪市庵东镇邮电路352号,餐饮,慈溪生日蛋糕,浙江省,宁波,慈溪市,0574-63488231
40112640,老友记黄焖鸡米饭,慈溪市金泰街63号（海川大道与金源大道交叉口西北角）,餐饮,慈溪小吃快餐,浙江省,宁波,慈溪市,18968399815
1246689447,石浦开元海鲜世家壹号渔港,象山县皇城大道1号石浦开元大酒店二楼(内有大型停车场),餐饮,象山江河湖海鲜,浙江省,宁波,象山县,0574-65619777/13958223167
6128648,爱心园（桥头店）,慈溪市桥头镇吴山南路713号,餐饮,慈溪生日蛋糕,浙江省,宁波,慈溪市,17357471039
6038705,程程私家烘焙,海曙区石碶街道雍景苑雍景街42号,餐饮,生日蛋糕,浙江省,宁波,海曙区,13685712005
194705958,在木星,鄞州区德厚街258号,餐饮,西餐,浙江省,宁波,鄞州区,13586519246
51928290,东北特色铁锅炖,江北区环城北路东段856号（怡江新村）,餐饮,东北菜,浙江省,宁波,江北区,0574-27850807
42965873,士百士,北仑区凤洋二路501号,餐饮,小吃快餐,浙江省,宁波,北仑区,0574-26890307
1772805470,2026 花艺私房餐厅,慈溪市人和路35号,餐饮,慈溪西餐,浙江省,宁波,慈溪市,0574-87185881
4904437,新知川菜馆（青林湾店）,海曙区青林湾街21码头美食城69号（青林湾街口）,餐饮,川湘菜,浙江省,宁波,海曙区,0574-83012453
4239475,麦香园蛋糕（宗汉店）,慈溪市宗汉街道新华路187号,餐饮,慈溪生日蛋糕,浙江省,宁波,慈溪市,13586727195
5653467,阿定饭店,镇海区澥浦镇汇源路77号,餐饮,江浙菜,浙江省,宁波,镇海区,13738874889
42394452,N多寿司,慈溪市慈溪古塘街道华胜路6号（古塘街道城管办对面）,餐饮,慈溪日本菜,浙江省,宁波,慈溪市,13805813177
851197,天宫庄园西江古村,鄞州区首南东路天宫庄园西江古村222号,餐饮,特色菜,浙江省,宁波,鄞州区,0574-88381717
101582583,司大川菜,鄞州区聚贤路716号（前程智慧城）,餐饮,川湘菜,浙江省,宁波,鄞州区,13486651060
6438168,老北京涮羊肉（文山路店）,余姚市文山路286号（白金翰宫西首）,餐饮,余姚火锅,浙江省,宁波,余姚市,0574-62623369/18868606898
4460306,富贵轩,镇海区庄市宁大步行街7幢130号,餐饮,川湘菜,浙江省,宁波,镇海区,13454785620
94458730,倪阿姨精致私家菜（万达江北店）,江北区江北大道万达商业广场金街160号（万达宝庆路入口处）,餐饮,江浙菜,浙江省,宁波,江北区,0574-87276353
50927614,兄弟烤鱼（庵东店）,慈溪市庵东镇市场路47号（农业银行往南10米路东）,餐饮,慈溪香锅烤鱼,浙江省,宁波,慈溪市,13626742642
42334498,嘴爱！时尚烘培,慈溪市杨梅大道22号（横河钟楼对面）,餐饮,慈溪生日蛋糕,浙江省,宁波,慈溪市,18668178233
1698567279,ELEPHANT小象西餐&烘焙（文化广场店）,鄞州区鄞州区中山东路1999号文化广场9幢1楼（海味世家旁）,餐饮,西餐,浙江省,宁波,鄞州区,0574-87212877
41502204,MY.girl蜜菓（镇中路店）,慈溪市掌起镇镇中路333号（中心幼儿园往南，农业银行ATM旁）,餐饮,慈溪饮品店,浙江省,宁波,慈溪市,13705744742
1616217691,礼舍·和牛火锅料理,海曙区盛园巷69号（德叔衢州菜旁）,餐饮,火锅,浙江省,宁波,海曙区,0574-87221208
51710001,衢州土菜馆（洪塘店）,江北区洪塘中路294号,餐饮,特色菜,浙江省,宁波,江北区,15669133319
4139976,巫山烤全鱼（杨梅大道店）,慈溪市杨梅大道197号（益民大药店旁）,餐饮,慈溪香锅烤鱼,浙江省,宁波,慈溪市,15968471222
174886479,藏堇居酒屋（万达店）,鄞州区钟公庙街道后庙路267号,餐饮,日本菜,浙江省,宁波,鄞州区,13857869084
41906568,贝思烘焙,慈溪市大众路836号,餐饮,慈溪生日蛋糕,浙江省,宁波,慈溪市,13355911051/15824500297
5964883,福好来私房菜,海曙区集仕港香雪路1277号（集仕港公园对面，领秀熙城）,餐饮,特色菜,浙江省,宁波,海曙区,15888542428
179259527,涌觅名灶·平价海鲜宁波菜,鄞州区江澄北路455号国际航运中心对面宁兴财富广场,餐饮,江浙菜,浙江省,宁波,鄞州区,0574-88328656
5580779,蜜菓（天元店）,慈溪市天元大道17号,餐饮,慈溪饮品店,浙江省,宁波,慈溪市,13805823086
5938434,欧尚面包坊,余姚市体育场路56号（舜北公园对面）,餐饮,余姚生日蛋糕,浙江省,宁波,余姚市,15205840900
85586615,有渔来了·衢州农家菜（环城西路店）,海曙区环城西路北段299号（近枫华丽致酒店，近市检察院）,餐饮,特色菜,浙江省,宁波,海曙区,0574-81858130
40258086,停筑的青春,江北区宁大商贸街城市公寓商铺6号（新龙门网吧对面）,餐饮,生日蛋糕,浙江省,宁波,江北区,15906590998
6133690,欧贝拉（长河店）,慈溪市慈溪长河镇长河东街53号（华润超市南面）,餐饮,慈溪生日蛋糕,浙江省,宁波,慈溪市,17757830560
85586615,有渔来了·衢州农家菜（环城西路店）,海曙区环城西路北段299号（近枫华丽致酒店，近市检察院）,餐饮,特色菜,浙江省,宁波,海曙区,0574-81858130
1857470,觅物甜品（镇海店）,镇海区镇海招宝山人民路73号招宝广场内,餐饮,面包甜点,浙江省,宁波,镇海区,0574-86666000
40894756,哆吉客（匡堰店）,慈溪市匡堰镇匡堰大道169-171号（鸿星尔克与港洲造型中间）,餐饮,慈溪西餐,浙江省,宁波,慈溪市,0574-63533321
1579113300,西域情·西北菜（绿地缤纷城店）,江北区桃渡路1-3号绿地中心3号楼4楼3-411号,餐饮,西北菜,浙江省,宁波,江北区,13567912816
6917360,横河房记烤鱼,慈溪市横河镇中兴路43号,餐饮,慈溪香锅烤鱼,浙江省,宁波,慈溪市,18858256312
4829189,强记烤鱼,慈溪市教场山东路119号,餐饮,慈溪香锅烤鱼,浙江省,宁波,慈溪市,15355139869
195202700,093日料,北仑区宝山路521号悦公馆,餐饮,日本菜,浙江省,宁波,北仑区,0574-86823830
4415964,开化野鱼馆,慈溪市南二环东路1298号2楼锦田汽车旁,餐饮,慈溪江浙菜,浙江省,宁波,慈溪市,18967858777
6907690,夏洛蒂私家蛋糕店,余姚市南河沿路河10-13号（河姆渡国际花园北门往东50米）,餐饮,余姚生日蛋糕,浙江省,宁波,余姚市,13221934818
194705958,在木星,鄞州区德厚街258号,餐饮,西餐,浙江省,宁波,鄞州区,13586519246
4155755,阿三饭店.始于1984（昌兴路店）,镇海区昌兴路68号,餐饮,江浙菜,浙江省,宁波,镇海区,0574-86571717
2579965,H2面包工坊,镇海区招宝山街道人民路69号,餐饮,生日蛋糕,浙江省,宁波,镇海区,0574-86295050/13732187472
1772805470,2026 花艺私房餐厅,慈溪市人和路35号,餐饮,慈溪西餐,浙江省,宁波,慈溪市,0574-87185881
6921280,秋田日本料理（环城南路店）,慈溪市环城南路288号（杭州湾环球酒店二楼）,餐饮,慈溪日本菜,浙江省,宁波,慈溪市,0574-63876026
6816498,川德时尚自助火锅,北仑区大契沿河路11-17号,餐饮,火锅,浙江省,宁波,北仑区,18581397135/15867309666
90234005,小时候焗海鲜（鄞州万达店）,鄞州区麟寓路12号（石浦大酒店马路对面）,餐饮,江河湖海鲜,浙江省,宁波,鄞州区,18067502797
41370421,众兴胖胖熟鹅,海曙区西湾路200号,餐饮,小吃快餐,浙江省,宁波,海曙区,15057980570
42255271,辣妹子川菜,鄞州区钟公庙菜场路362号,餐饮,川湘菜,浙江省,宁波,鄞州区,18358491408
1819279315,Le Resto·悦芫法国餐厅,江北区大庆南路31号,餐饮,西餐,浙江省,宁波,江北区,15058412664
1857767,蒋兴溪口农家饭店,奉化市百丈路20弄1幢12号,餐饮,奉化特色菜,浙江省,宁波,奉化市,0574-88851057
5080085,8586烘焙坊,鄞州区梅景路578号（梅江南苑小区沿街商铺）,餐饮,生日蛋糕,浙江省,宁波,鄞州区,15257896021/15058055689
178875908,溪涧別院·特色农家菜,鄞州区东钱湖旅游度假区005县道东村茶亭新村1号,餐饮,特色菜,浙江省,宁波,鄞州区,13819834567
2869407,李记盱眙龙虾馆,镇海区庄市街道西陆路20号楼104室,餐饮,江浙菜,浙江省,宁波,镇海区,15606617111
6882621,司丹尔（莱熏店）,象山县莱熏路76号,餐饮,象山生日蛋糕,浙江省,宁波,象山县,0574-65083159
848037,世纪蕉叶,海曙区马园路238号（妇儿医院旁）,餐饮,东南亚菜,浙江省,宁波,海曙区,0574-87155833/87155922
42045270,百思味黄焖鸡米饭（永达店）,鄞州区永达路192号（近金纬宾馆）,餐饮,小吃快餐,浙江省,宁波,鄞州区,18395859632
4622370,吉家蛋糕,鄞州区民安路142号,餐饮,生日蛋糕,浙江省,宁波,鄞州区,15990293566
194375737,象隐·地道曼谷料理（亚细亚店）,海曙区药行街亚细亚75MALLA座3楼,餐饮,东南亚菜,浙江省,宁波,海曙区,0574-88353656
41407792,味道小厨,海曙区商贸路德馨园38号,餐饮,香锅烤鱼,浙江省,宁波,海曙区,13362475875
6288634,闽香包（新江路店）,慈溪市新江路531号（西门菜市场）,餐饮,慈溪生日蛋糕,浙江省,宁波,慈溪市,0574-63804038/15888047080
178875908,溪涧別院·特色农家菜,鄞州区东钱湖旅游度假区005县道东村茶亭新村1号,餐饮,特色菜,浙江省,宁波,鄞州区,13819834567
42104632,黄焖鸡米饭（联丰店）,海曙区高桥镇藕缆桥村西路7号一楼店面房东起第三间,餐饮,小吃快餐,浙江省,宁波,海曙区,13295741750
52498,石浦福临门渔港,鄞州区惊驾路369号,餐饮,江河湖海鲜,浙江省,宁波,鄞州区,0574-87779188
191977228,康得思酒店 · 明阁MING COURT,鄞州区沙山路28号,餐饮,粤港菜,浙江省,宁波,鄞州区,0574-56668888
4997491,炉山人家,北仑区庐山中路66号（庐山中路与人民北路交叉口）,餐饮,江浙菜,浙江省,宁波,北仑区,0574-86107893/13957881229
4859888,古师烤鱼,慈溪市观海卫镇师桥务本里路13号（师桥阿杰牛味馆）,餐饮,慈溪香锅烤鱼,浙江省,宁波,慈溪市,15906540807/15867239203
848037,世纪蕉叶,海曙区马园路238号（妇儿医院旁）,餐饮,东南亚菜,浙江省,宁波,海曙区,0574-87155833/87155922
4190223,麦香村蛋糕房（新建北路店）,余姚市新建北路544号（近北站）,餐饮,余姚生日蛋糕,浙江省,宁波,余姚市,15669176627/18969436669
5928030,土匪烤鱼,慈溪市匡堰大道50号,餐饮,慈溪香锅烤鱼,浙江省,宁波,慈溪市,13586616391
194375737,象隐·地道曼谷料理（亚细亚店）,海曙区药行街亚细亚75MALLA座3楼,餐饮,东南亚菜,浙江省,宁波,海曙区,0574-88353656
5824899,麦香村蛋糕店,镇海区镇宁东路五里牌菜场西门旁,餐饮,生日蛋糕,浙江省,宁波,镇海区,13989310421
844338,闽香蛋糕,海曙区西湾路73号,餐饮,生日蛋糕,浙江省,宁波,海曙区,0574-87255468
1111793914,胖虎烤牛肉（月湖盛园店）,海曙区仓桥街32号,餐饮,中式烧烤/烤串,浙江省,宁波,海曙区,17757040040
1548804,半岛湾,海曙区新芝路162号（光大银行旁）,餐饮,江河湖海鲜,浙江省,宁波,海曙区,0574-87851177
41510769,娜娜私家烘焙,江北区建业街185号,餐饮,生日蛋糕,浙江省,宁波,江北区,13586588912
1111793914,胖虎烤牛肉（月湖盛园店）,海曙区仓桥街32号,餐饮,中式烧烤/烤串,浙江省,宁波,海曙区,17757040040
5939135,聚湘园烤鱼,江北区洪塘西路98号（好来居宾馆楼下店面房）,餐饮,香锅烤鱼,浙江省,宁波,江北区,
6650691,梁弄萬大嫂大糕,慈溪市天元镇镇北西路25号（镇北路红绿灯处往西50米）,餐饮,慈溪小吃快餐,浙江省,宁波,慈溪市,15356742998
6265836,味藏日本料理（箕漕街店）,鄞州区箕漕街53-1号,餐饮,日本菜,浙江省,宁波,鄞州区,0574-87455583/15888038583
5718577,鑫冠蛋糕,慈溪市横河镇龙泉西路77号,餐饮,慈溪生日蛋糕,浙江省,宁波,慈溪市,15888159061/15869501205
40350787,四川特色烤鱼,慈溪市七二三大街273号(蜜果斜对面)（邮电路与府北路交叉口）,餐饮,慈溪香锅烤鱼,浙江省,宁波,慈溪市,15967842747
951849564,禾冉理想家·烘焙DIY,海曙区西湾路134-1号,餐饮,生日蛋糕,浙江省,宁波,海曙区,15058837976
40176155,馨鲜果园,北仑区海城路236号（海信花园公交车站）,餐饮,外卖,浙江省,宁波,北仑区,18067333699
42427989,阿丽家蛋糕,慈溪市周巷镇小安村市场东路（菜市场东门口）,餐饮,慈溪生日蛋糕,浙江省,宁波,慈溪市,13736110501
170662866,花馐餐厅,鄞州区箕漕街38弄45号,餐饮,西餐,浙江省,宁波,鄞州区,13116615125/13186888938
1857417,0506面包坊（城河西路店）,镇海区城河西路188号（招宝广场内）,餐饮,生日蛋糕,浙江省,宁波,镇海区,0574-86660506
851435,鱼乐乡村客栈,鄞州区东钱湖旅游度假区环湖东路与朝天线交叉口（近下水西村）,餐饮,江浙菜,浙江省,宁波,鄞州区,0574-88164666
182398118,肆海杜记火锅（来福士店）,江北区大庆南路来福士广场4楼,餐饮,火锅,浙江省,宁波,江北区,0574-82830777/13818432958
83524616,辰茂河姆渡酒店西餐厅,余姚市新建路78号（辰茂河姆渡酒店内）,餐饮,余姚自助餐,浙江省,宁波,余姚市,0574-62625555
4019116,味香饭店,北仑区天目山路175号,餐饮,江河湖海鲜,浙江省,宁波,北仑区,13685700397
962174664,嘟喃烤肉（天一店）,海曙区石板巷7号,餐饮,烧烤烤串,浙江省,宁波,海曙区,0574-87325867
1858579,资溪面包,象山县石浦金山路123号，国家电网对面（原麦香村蛋糕店）,餐饮,象山生日蛋糕,浙江省,宁波,象山县,0574-65967759
1557740,蚝食汇海鲜烧烤,海曙区环城西路南段379号（宏通苑酒店旁）,餐饮,烧烤烤串,浙江省,宁波,海曙区,13208058667
195268704,墅家民间私房菜·网红体验店,江北区洪塘街道鞍山村安东路58号,餐饮,川湘菜,浙江省,宁波,江北区,18957405969
6555521,酸菜鱼王·香辣蟹煲,慈溪市乌山路306号二楼,餐饮,慈溪火锅,浙江省,宁波,慈溪市,0574-63106177/13486453633
1545691,D Sky home（钱湖天地店）,鄞州区钱湖北路399号钱湖天地广场104号（近印象城）,餐饮,西餐,浙江省,宁波,鄞州区,0574-83065557/13857498716
1319607346,肉汁日式烧肉（奉化万达店）,奉化市斗门路奉化万达广场十里桃花坊东侧5-20号（再回首旁）,餐饮,奉化烧烤烤串,浙江省,宁波,奉化市,13586630688
2551130,佩里诺牛排,余姚市长安路36号（近赛格特）,餐饮,余姚西餐,浙江省,宁波,余姚市,13486666549
42934538,宁大宾馆中餐厅,江北区风华路818号，宁波大学东校门（宁波大学宾馆对面）,餐饮,其他美食,浙江省,宁波,江北区,0574-86662800
859973015,曼谷小象（1902万科店）,镇海区1902万科广场1088号4楼,餐饮,东南亚菜,浙江省,宁波,镇海区,0574-56212676
1856703,蟹将军阳澄湖大闸蟹（中山东路店）,鄞州区中山东路1206号（世纪东方广场春晓中学对面）,餐饮,大闸蟹,浙江省,宁波,鄞州区,0574-89115780/13957872430
6661687,喜来临面包房,象山县来薰路99号（新菜市场）,餐饮,象山生日蛋糕,浙江省,宁波,象山县来薰路99号（新菜市,13516781209
1765687983,FREEP飞行派餐厅,鄞州区东岸名邸73号,餐饮,西餐,浙江省,宁波,鄞州区,19906582959
4654019,储缘蛋糕（庄市店）,镇海区浙江省宁波市镇海区庄市街道西陆路61号,餐饮,生日蛋糕,浙江省,宁波,镇海区,18258302894
6843481,甬江壹号,鄞州区江东北路435号和丰创意广场28-29号创庭楼旁,餐饮,江浙菜,浙江省,宁波,鄞州区,0574-87858999
150029295,鸡毛兑糖·尚宴（鄞州店）,鄞州区前河南路508号（3号线南部商务区站A口）,餐饮,江河湖海鲜,浙江省,宁波,鄞州区,0574-88219777
4185338,巴渝人家（钱湖北路店）,鄞州区钱湖北路892号（江南国际水会对面）,餐饮,川湘菜,浙江省,宁波,鄞州区,13736169622
41789300,无牙婆花生汤,海曙区府桥街38弄1号,餐饮,小吃快餐,浙江省,宁波,海曙区,15557097927
182053575,今井料亭.空中花园,鄞州区江东北路和丰花园酒店和庭楼19楼,餐饮,日本菜,浙江省,宁波,鄞州区,0574-87672777/0574-87852888
5080884,好灶头（云创店）,江北区风华路928弄13号楼127,餐饮,川湘菜,浙江省,宁波,江北区,13616595322/18868946143
5890254,蒂比汉堡（东裕店）,鄞州区中河街道四明东路587-1号,餐饮,西餐,浙江省,宁波,鄞州区,15381952717
160181010,有渔来了· 衢州农家菜（财富广场店）,鄞州区东部新城江澄北路499号宁兴财富广场16号,餐饮,特色菜,浙江省,宁波,鄞州区,0574-88232115
112898268,时令餐厅（西子国际店）,宁海县西子国际购物中心四楼,餐饮,宁海江浙菜,浙江省,宁波,宁海县,0574-65357112
1500034,wawa ted·juice（慈溪银泰店）,慈溪市浒山街道青少年宫路99号银泰购物中心六楼6A-14号,餐饮,慈溪饮品店,浙江省,宁波,慈溪市,18158452933
171085439,九州博多街（和义路店）,海曙区和义路96号1844广场D04,餐饮,日本菜,浙江省,宁波,海曙区,15306604980
6457416,周氏水产阳澄湖大闸蟹,余姚市西石山南路4-1号（拉芳舍咖啡对面）,餐饮,余姚大闸蟹,浙江省,宁波,余姚市,0574-62856160
6857943,金口福阳澄湖大闸蟹,余姚市梨洲街道世南东路23号东南,餐饮,余姚大闸蟹,浙江省,宁波,余姚市,0574-55863519
854383119,回味往事音乐酒馆（上城印象店）,镇海区慈海南路与骆兴路交汇处上城印象1#3楼28至33号,餐饮,特色菜,浙江省,宁波,镇海区,0574-86627939
5927685,雄镇大酒店,镇海区南大街27号（近新闻中心）,餐饮,江河湖海鲜,浙江省,宁波,镇海区,0574-86316600/0574-86316161
40069057,多味坊家庭牛排（江东店）,鄞州区华严街68号,餐饮,西餐,浙江省,宁波,鄞州区,0574-87374411
185654648,重庆故事小郡肝串串香,慈溪市罗源路50-1号 ,餐饮,慈溪火锅,浙江省,宁波,慈溪市,15123496187
6811925,黑色柳丁（尚田店）,奉化市开城街60号,餐饮,奉化生日蛋糕,浙江省,宁波,奉化市,13968309659/13586627450
5004022,庞师傅烧鸭面,鄞州区中萃路52号,餐饮,小吃快餐,浙江省,宁波,鄞州区,18758490615
42344967,白日梦无国界料理（岷山路店）,北仑区岷山路993号世贸二期店铺,餐饮,特色菜,浙江省,宁波,北仑区,0574-86963903
6241052,哆哆蛋糕,江北区镇宁西路1211号（家友超市旁，宁大校医院东北）,餐饮,生日蛋糕,浙江省,宁波,江北区,13777224553/0574-26253439
94687423,宁波石浦豪生大酒店自助餐厅,北仑区宝山路217号酒店1楼（泰河路和宝山路交叉口）,餐饮,自助餐,浙江省,宁波,北仑区,0574-86967777
1196858416,初原日本料理（慈溪七彩商业广场店）,慈溪市七彩商业广场营销中心18号4楼401,餐饮,慈溪日本菜,浙江省,宁波,慈溪市,18805844773
843905,蒋家酒楼,奉化市溪口镇武岭东路188号（近武岭门）,餐饮,奉化江河湖海鲜,浙江省,宁波,奉化市,0574-88862222
106267443,瑞伯克牛排自助餐厅（天一广场店）,海曙区碶闸街132号（天一广场内哈根达斯旁）,餐饮,西餐,浙江省,宁波,海曙区,0574-87166186
99123716,宁海食府（镇海店）,镇海区思源路266号（宁波帮博物馆东大门对面）,餐饮,江河湖海鲜,浙江省,宁波,镇海区,0574-55835777/55015058
844179,宁波状元楼酒店（和义路店）,海曙区和义路88号和义购物中心沿街商铺（电信局南面）,餐饮,江浙菜,浙江省,宁波,海曙区,0574-88216777/0574-88231888
2575891,名羊天下自助火锅烧烤（镇明路店）,海曙区镇明路482号文华大厦2楼（近第一人民医院）,餐饮,火锅,浙江省,宁波,海曙区,0574-87683836
1871848883,大桥饭店农家菜（慈城店）,江北区慈城宁慈西路三联公交旁,餐饮,江浙菜,浙江省,宁波,江北区,15306682569
3284678,Blue烘焙馆,鄞州区四明中路688号（利时卢森堡5楼）,餐饮,面包甜点,浙江省,宁波,鄞州区,13777016120
6117975,聚友食府,慈溪市逍林大道867号（逍林大道和林西路交叉口往南50米）,餐饮,慈溪其他美食,浙江省,宁波,慈溪市,18868938201
1196858416,初原日本料理（慈溪七彩商业广场店）,慈溪市七彩商业广场营销中心18号4楼401,餐饮,慈溪日本菜,浙江省,宁波,慈溪市,18805844773
6117975,聚友食府,慈溪市逍林大道867号（逍林大道和林西路交叉口往南50米）,餐饮,慈溪其他美食,浙江省,宁波,慈溪市,18868938201
2458854,阳光码头海鲜火锅（慈溪店）,慈溪市北二环中路555号（大润发超市对面）,餐饮,慈溪火锅,浙江省,宁波,慈溪市,15888130797
1658842637,汤去三面,北仑区宝山路20号,餐饮,小吃快餐,浙江省,宁波,北仑区,13506880633
5958473,荷塘码头·我家黑鱼馆（全国总店）,鄞州区四明中路518号（近三江购物超市）,餐饮,火锅,浙江省,宁波,鄞州区,0574-88186667
1856635,石浦大酒店（鄞州万达店）,鄞州区四明中路999号万达广场1-4层（万达广场1号门旁）,餐饮,江浙菜,浙江省,宁波,鄞州区,0574-88086777
195557555,柠檬泰（五彩城店）,余姚市城东路五彩城5楼L505N,餐饮,余姚东南亚菜,浙江省,宁波,余姚市,0574-22685342
6558209,优千寿司（爱好文具店）,"慈溪市胜山镇马潭南路430号（即中心小学正对面,稻草人店内）",餐饮,慈溪小吃快餐,浙江省,宁波,慈溪市,15381968171/15305743090
2402077,宁波石浦豪生大酒店·豪生阁中餐厅,北仑区宝山路217号（近凤凰山）,餐饮,江浙菜,浙江省,宁波,北仑区,0574-86967777
6687649,北海道日本料理（国际大酒店店）,慈溪市新城大道625号国际大酒店2楼,餐饮,慈溪日本菜,浙江省,宁波,慈溪市,0574-63922561/15869562321
849279,素满香·素食自助餐厅（宁波·鼓楼店）,海曙区公园路8号（近东福园）,餐饮,素食,浙江省,宁波,海曙区,0574-83860677
2412249,好兄弟郭巨海鲜·平价海鲜（天一阁柳庄店）,海曙区柳庄巷51号城市广场A座1楼,餐饮,江河湖海鲜,浙江省,宁波,海曙区,0574-88063777/87164377
4928154,百思味黄焖鸡米饭（堇山中路店）,鄞州区堇山中路451号,餐饮,小吃快餐,浙江省,宁波,鄞州区,15658218818
5615331,四川香天下火锅（传奇店）,鄞州区麦德龙路68号传奇广场3楼（麦德龙对面）,餐饮,火锅,浙江省,宁波,鄞州区,0574-88158777
60100330,吉米蛋糕,慈溪市南大路246号,餐饮,慈溪生日蛋糕,浙江省,宁波,慈溪市,15968976387
60100330,吉米蛋糕,慈溪市南大路246号,餐饮,慈溪生日蛋糕,浙江省,宁波,慈溪市,15968976387
843860,中信宁波国际大酒店,鄞州区江东北路1号中信国际大酒店4楼,餐饮,江浙菜,浙江省,宁波,鄞州区,0574-87757888-5722
4127135,百果园PAGODA（镇海店）,镇海区后大街661号（自来水公司对面）,餐饮,外卖,浙江省,宁波,镇海区,0574-87156581
42043081,嘉兴粽子（宁波总经销）,镇海区骆驼汶骆路388号（敬德小学对面）,餐饮,小吃快餐,浙江省,宁波,镇海区,15168556869/15088831581
844545,榕华庄（东港喜来登大酒店店）,鄞州区彩虹北路50号（栎木小学对面）,餐饮,自助餐,浙江省,宁波,鄞州区,0574-87688688
40219781,蜜约西点工坊,鄞州区启明路818号（创新128广场产业园11幢84号）,餐饮,生日蛋糕,浙江省,宁波,鄞州区,13806665732
41703565,蓉蓉川菜馆,镇海区南一西路68号,餐饮,川湘菜,浙江省,宁波,镇海区,13396620576
2551679,骑士牛排自助西餐厅•全新升级（奉化银泰店）,奉化市南山路150号银泰城4楼815号（近中山路）,餐饮,奉化西餐,浙江省,宁波,奉化市,0574-88683922
4365790,花样美食居（南大街店）,镇海区南大街269号,餐饮,川湘菜,浙江省,宁波,镇海区,0574-86259634
66629699,天地花苑酒店（餐厅）,慈溪市三北大街2085号（近汽车东站）,餐饮,慈溪江浙菜,浙江省,宁波,慈溪市,0574-63921111/63910777
4026414,卡娃伊潮流料理（鼓楼店）,海曙区公园路77路6号,餐饮,日本菜,浙江省,宁波,海曙区,0574-87203338
844520,石浦大酒店（镇海店）,镇海区南大街36号（近新闻中心）,餐饮,江浙菜,浙江省,宁波,镇海区,0574-86668777
51473692,贝贝汉堡,镇海区渡驾路乐购（临江小区东北），金盛年华门对面,餐饮,西餐,浙江省,宁波,镇海区,18989311533
3247036,湘间田舍（鼓楼店）,海曙区公园路6弄6号（东福园斜对面）,餐饮,川湘菜,浙江省,宁波,海曙区,0574-83897791
86248,开元新晶都酒店·自助火锅,鄞州区百丈东路1088号开元新晶都酒店内,餐饮,自助餐,浙江省,宁波,鄞州区,0574-87880788
1856479,石浦大酒店（百丈店）,鄞州区百丈东路1118号（近福明路）,餐饮,江河湖海鲜,浙江省,宁波,鄞州区,0574-87838888
40950782,探鱼（天一广场店）,海曙区碶闸街133号天一广场IIb区第3层IIb3003室,餐饮,香锅烤鱼,浙江省,宁波,海曙区,0574-87627568
6558775,徐振康水产行,江北区世纪大道路林市场大世界水产交易区21-143号,餐饮,江河湖海鲜,浙江省,宁波,江北区,13105575188
6989862,360快果农场（兴庄路店）,镇海区庄市街道兴庄路396号、398号,餐饮,外卖,浙江省,宁波,镇海区,15867287762
42172082,牛味香天·甬城老牌牛肉火锅（鄞州堇山店）,鄞州区堇山中路426号（丽兹大酒店隔壁）,餐饮,火锅,浙江省,宁波,鄞州区,0574-83003909
42503689,北疆饭店（环球银泰城店）,鄞州区首南街道天童南路1088号（宁波银泰环球购物中心5层524、525号）,餐饮,新疆菜,浙江省,宁波,鄞州区,18074246110
6513180,涌上外婆桥（四明广场店）,余姚市南雷路306号银亿四明广场C座3楼,餐饮,余姚江浙菜,浙江省,宁波,余姚市,0574-62891717
42222208,新重庆鸡公煲（江厦店）,海曙区江厦街19-8号（浦发银行旁）,餐饮,川湘菜,浙江省,宁波,海曙区,0574-83891166
2481968,局百犊·牛排西餐厅（鼓楼店）,海曙区公园路20号,餐饮,西餐,浙江省,宁波,海曙区,0574-87515888
1489447,金田中日本料理炭火烧烤,慈溪市上林坊南门大街233号（近钱塘国脉大酒店）,餐饮,慈溪日本菜,浙江省,宁波,慈溪市,0574-63883883
174948431,香猫咖啡烘焙（大碶店）,北仑区人民南路216号中国邮政北行50米,餐饮,饮品店,浙江省,宁波,北仑区,0574-26886697
6761791,粤新茶餐厅（江北万达店）,江北区江北大道188号3-44、3-45（万达广场内3-61、3-62）,餐饮,粤港菜,浙江省,宁波,江北区,0574-87450462
42050848,米熊寿司,慈溪市新华路177号,餐饮,慈溪日本菜,浙江省,宁波,慈溪市,18358467972
847258,麦思多尔（嘉悦店）,余姚市嘉悦广场内文山路718-720号,餐饮,余姚生日蛋糕,浙江省,宁波,余姚市,0574-62622656
64999236,钱小奴创意自助餐厅（宁波银泰环球店）,鄞州区天童南路1088号环球银泰城5层,餐饮,自助餐,浙江省,宁波,鄞州区,0574-89255355
52617547,小杨特色石锅鱼（中华路店）,余姚市泗门镇中华路3号,餐饮,余姚香锅烤鱼,浙江省,宁波,余姚市,15888157408
2401791,焰羊天火锅（北仑嵩山路店）,北仑区嵩山路908号（高凤路与嵩山路交叉口）,餐饮,火锅,浙江省,宁波,北仑区,0574-26883008
847117,要德鲜派老火锅（奉化店）,奉化市桥东岸路405号,餐饮,奉化火锅,浙江省,宁波,奉化市,0574-88938185
5773169,贝客森林,奉化市广平路45号（近奉化电影院）,餐饮,奉化生日蛋糕,浙江省,宁波,奉化市,0574-88583116/17706600655
60771993,好爸爸（印象城旗舰店）,鄞州区馨园路5号（印象城3号门对面）,餐饮,江河湖海鲜,浙江省,宁波,鄞州区,0574-27872345
42887423,重庆鸡公煲（凤洋二路店）,北仑区凤洋二路547号（中医院侧对面）,餐饮,川湘菜,浙江省,宁波,北仑区,13646630768
2432805,新石器烤肉（印象城店）,鄞州区钱湖北路288号印象城B1层,餐饮,中式烧烤/烤串,浙江省,宁波,鄞州区,0574-28879686
851633,名羊天下（百丈路店）,鄞州区百丈东路115号（近鄞州医院）,餐饮,火锅,浙江省,宁波,鄞州区,0574-27687777
4229334,菩提叶素食餐厅,慈溪市南苑柏隆大喷泉二楼（G+网咖旁）,餐饮,慈溪素食,浙江省,宁波,慈溪市,0574-63896223/13566616908
5572550,甬正麻辣香锅（银河路店）,宁海县银河路5号,餐饮,宁海香锅烤鱼,浙江省,宁波,宁海县,18352967552
4396748,局百犊（招宝山广场店）,镇海区招宝街道清川路196号2楼,餐饮,西餐,浙江省,宁波,镇海区,0574-86299788
849513,上井精致料理（和义大道店）,海曙区和义路和义大道购物中心B1039号1楼,餐饮,日本菜,浙江省,宁波,海曙区,0574-83897555
42793411,臻样韩国创意料理,海曙区鼓楼里巷府桥街38弄25号（警务室旁）,餐饮,日韩料理,浙江省,宁波,海曙区,18967845982
1149237,比卡亚巴西烧烤餐厅,海曙区中山东路145号宁波大酒店2楼,餐饮,自助餐,浙江省,宁波,海曙区,0574-87360077
2483193,欧文西点（日新街店）,海曙区日新街65弄6-8号（威斯汀酒店旁）,餐饮,生日蛋糕,浙江省,宁波,海曙区,0574-56207563
2483193,欧文西点（日新街店）,海曙区日新街65弄6-8号（威斯汀酒店旁）,餐饮,生日蛋糕,浙江省,宁波,海曙区,0574-56207563
843293,老屋川菜生活（孝闻街店）,海曙区孝闻街84号,餐饮,川湘菜,浙江省,宁波,海曙区,0574-87251326
6812394,亿鼎烩猪肚鸡汤底火锅（象山店）,象山县丹南路涌金广场3楼,餐饮,象山火锅,浙江省,宁波,象山县,0574-65880588
1856916,川味人家（鄞州店）,鄞州区日丽中路757号南部商务区奥克斯大厦,餐饮,川湘菜,浙江省,宁波,鄞州区,0574-88113777
66405,斗牛士牛排餐厅（镇明店）,海曙区镇明路72号中信银行大厦裙楼2楼（南苑饭店对面）,餐饮,西餐,浙江省,宁波,海曙区,0574-87296523
5353325,菲滋意式餐厅（五彩城店）,余姚市城东路888号（华润五彩城三楼320号商铺）,餐饮,余姚西餐,浙江省,宁波,余姚市,0574-62337277
3257596,七欣天品蟹轩（宁波海曙环城西路店）,海曙区环城西路南段166号,餐饮,火锅,浙江省,宁波,海曙区,0574-87249877
50864581,波比艾斯冰淇淋（上林坊步行街店）,慈溪市步行街华润万家南门一楼,餐饮,慈溪饮品店,浙江省,宁波,慈溪市,13968229860
97139784,逸东豪生大酒店橘日餐厅,鄞州区鼎泰路288号宁波国际金融服务中心G座逸东豪生大酒店3楼（近宁波国际会展中心）,餐饮,日本菜,浙江省,宁波,鄞州区,0574-81878888-8356/81878888
5384397,金穗私房蛋糕,海曙区联丰中路820号（孙家漕车站旁）,餐饮,生日蛋糕,浙江省,宁波,海曙区,13486088552
1471894,宁波逸东豪生大酒店美食屋,鄞州区鼎泰路288号宁波国际金融服务中心G座逸东豪生大酒店内,餐饮,生日蛋糕,浙江省,宁波,鄞州区,0574-81878888
2414581,水天堂西餐厅（余姚银泰城店）,余姚市新建北路217号银泰城3楼,餐饮,余姚西餐,浙江省,宁波,余姚市,0574-62606888
1857542,澳门豆捞（中山东路店）,奉化市中山东路13号（近联通营业厅）,餐饮,奉化火锅,浙江省,宁波,奉化市,0574-28517999
4684646,成都冒菜（南河沿路）,余姚市南河沿路40-1号,餐饮,余姚小吃快餐,浙江省,宁波,余姚市,13567887686
3286739,帕西菲嘉西餐厅（泛太平洋大酒店）,鄞州区民安东路99号（泛太平洋大酒店贵宾楼2楼，近国际会展中心）,餐饮,自助餐,浙江省,宁波,鄞州区,0574-89118888-6230
5933747,柠檬泰（印象城店）,鄞州区钱湖北路288号印象城4楼,餐饮,东南亚菜,浙江省,宁波,鄞州区,0574-27898822
6765247,N多寿司（大观园店）,宁海县跃龙街道兴宁中路296号大观文化园内,餐饮,宁海日本菜,浙江省,宁波,宁海县,18667896109/15258210272
2370620,O2鲜榨果汁（来福士广场店）,江北区大庆南路99号来福士广场B1层,餐饮,饮品店,浙江省,宁波,江北区,15857451882
40367371,哈瑞森,余姚市城东路余姚华润五彩城商业街一楼S158商铺（肯德基旁）,餐饮,余姚生日蛋糕,浙江省,宁波,余姚市,0574-62432228
6528911,好望角烘焙坊（人和路总店）,慈溪市人和路1号,餐饮,慈溪生日蛋糕,浙江省,宁波,慈溪市,13345995077
40725370,N多时尚寿司（体育场路店）,余姚市体育场路37号,餐饮,余姚日本菜,浙江省,宁波,余姚市,18069136684
6809459,诺丁牛排餐厅（慈溪保利店）,慈溪市保利滨湖天地购物中心A区2楼,餐饮,慈溪西餐,浙江省,宁波,慈溪市保利滨湖天地购物中心A区,13967496049
1405456,渔禾寿司（鼓楼店）,海曙区鼓楼公园路77弄5号,餐饮,日本菜,浙江省,宁波,海曙区,15867200251
37248,澳门豆捞（宁波一店）,鄞州区中兴路310号,餐饮,火锅,浙江省,宁波,鄞州区,0574-87789777
51037396,8090披萨屋,鄞州区锦寓路729号（宁海食府旁）,餐饮,西餐,浙江省,宁波,鄞州区,0574-26268090
40171498,里约巴西烧烤主题餐吧,北仑区横河路499号,餐饮,烧烤烤串,浙江省,宁波,北仑区,0574-86836898
843326,意卡菲（世贸店）,海曙区东渡路29号世贸中心1楼29号（老银泰旁边）,餐饮,特色菜,浙江省,宁波,海曙区,0574-87267777/87173777
2709581,麦可斯（新浦店）,慈溪市樟新路新浦汽车站入口旁（近金满楼）,餐饮,慈溪小吃快餐,浙江省,宁波,慈溪市,0574-63576905
848423,王阿姨文昌油赞子（府桥街店）,海曙区府桥街68弄49号（新四方美食城后门）,餐饮,小吃快餐,浙江省,宁波,海曙区,15990201231
5057748,豪尚豪牛排馆,慈溪市广义路240-246号,餐饮,慈溪西餐,浙江省,宁波,慈溪市,0574-63637727
2518600,七天鲜迷宗蟹（银河路店）,宁海县银河路93号-97号,餐饮,宁海火锅,浙江省,宁波,宁海县,0574-25566717
6081500,重庆鸡公煲（西石山路店）,余姚市西石山南路62号（西石山路与长安路交叉路口）,餐饮,余姚川湘菜,浙江省,宁波,余姚市,18358278910
843972,要德鲜派老火锅（鼓楼店）,海曙区中山西路57号昇阳泰商场2楼,餐饮,火锅,浙江省,宁波,海曙区,0574-87307737
2551660,云石林过桥米线（奉化银泰店）,奉化市南山路150号,餐饮,奉化小吃快餐,浙江省,宁波,奉化市,0574-88683978
42129992,嘴跟前·羊肉泡馍（曙光北路店）,鄞州区曙光北路138号（民安路与曙光北路交叉口）,餐饮,西北菜,浙江省,宁波,鄞州区,13157463666/13819423220
4064238,韩悦烤肉（余姚店）,余姚市四明西路855号万达广场三层3032,餐饮,余姚烧烤烤串,浙江省,宁波,余姚市,17380976880
1405611,涌上外婆桥（南塘店）,海曙区南郊路258号,餐饮,江浙菜,浙江省,宁波,海曙区,0574-55717177
60372890,爱尚自助烤肉火锅,宁海县西店镇振兴北路698号,餐饮,宁海火锅,浙江省,宁波,宁海县,18312975999
4350771,有家川菜（启明南路店）,鄞州区创新128广场启明路799号附近,餐饮,川湘菜,浙江省,宁波,鄞州区,18667827825
5796498,浪漫满屋DIY烘焙坊,余姚市四明西路400号（余姚中学旁）,餐饮,余姚生日蛋糕,浙江省,宁波,余姚市,0574-62791790
5761993,米魚記古法粥铺（鄞州万达店）,鄞州区天童北路1211号-3,餐饮,小吃快餐,浙江省,宁波,鄞州区,18958242115
5273214,CAESAR（北仑店）,北仑区岷山路386号（银泰城附近，康桥小镇酒店旁边）,餐饮,西餐,浙江省,宁波,北仑区,0574-86825177
1858514,要德火锅（人民大道店）,宁海县人民大道270号,餐饮,宁海火锅,浙江省,宁波,宁海县,0574-65590063
706348,太平洋自助餐四季咖啡厅（南滨江路店）,余姚市南滨江路168号太平洋大酒店一楼,餐饮,余姚自助餐,浙江省,宁波,余姚市,0574-62886288-3161/15336633844
6137936,古川精致料理,北仑区中河路399号（银泰城4层）,餐饮,日本菜,浙江省,宁波,北仑区,18057409207/0574-86866067
5031169,我家特色煲·桐乡煲,慈溪市世纪城金泰街59号（世纪金源大酒店西行200米路北，林智大食堂后面）,餐饮,慈溪江浙菜,浙江省,宁波,慈溪市,18057470613/15958212137
1549423,小山日本料理（高凤路店）,北仑区高凤路261号（近老板娘大酒店）,餐饮,日本菜,浙江省,宁波,北仑区,0574-86833007
4870704,哆吉客,余姚市四明西路120号,餐饮,余姚小吃快餐,浙江省,宁波,余姚市,0574-62700139
1857248,中村屋（南部商务区店）,鄞州区天童南路578弄50号桑德兹大厦2楼（近杉杉大厦）,餐饮,日本菜,浙江省,宁波,鄞州区,0574-89017909
5758376,咭味哆炸鸡汉堡,余姚市泗门镇振兴路19号,餐饮,余姚西餐,浙江省,宁波,余姚市,0574-62135157
6834175,大通冰室（天一店）,海曙区天一广场水晶街华润万家对面,餐饮,饮品店,浙江省,宁波,海曙区,13606749254
64380277,吧唧米线馆（白云店）,海曙区白云街道民丰街111号,餐饮,小吃快餐,浙江省,宁波,海曙区,18758321908
106821008,法芙诺烘焙,鄞州区四明中路557号（三江超市对面，原乐芙蛋糕）,餐饮,生日蛋糕,浙江省,宁波,鄞州区,13957801618/0574-88227677
847692,华侨温德姆至尊豪廷大酒店·DELI&COFFEE多丽美食屋,海曙区柳汀街230号华侨温德姆至尊豪廷大酒店1楼（近月湖）,餐饮,生日蛋糕,浙江省,宁波,海曙区,0574-27866666
4860464,素满香·素食自助餐厅（宁波·甬港南路素宝斋店）,鄞州区甬港南路2-4东城·百汇大厦,餐饮,自助餐,浙江省,宁波,鄞州区,0574-87865777
50513640,万州烤鱼,宁海县兴宁中路336号（大观园西北大门、停车场北面公交车站旁）,餐饮,宁海香锅烤鱼,浙江省,宁波,宁海县,13221895996
1440280,七欣天品蟹轩（宁波联盛广场店）,鄞州区宁南北路1284号联盛广场B区,餐饮,火锅,浙江省,宁波,鄞州区,0574-83050385
42797675,老屋印象川菜（亚细亚店）,海曙区药行街169号亚细亚商城A座五楼（莱迪时尚广场五楼）,餐饮,川湘菜,浙江省,宁波,海曙区,0574-87308695
2416534,天港禧悦酒店·浩自助餐厅（宁波鄞州万达广场店）,鄞州区四明中路606号,餐饮,自助餐,浙江省,宁波,鄞州区,0574-28895377
6510407,麦可斯（附海店）,慈溪市观附公路1324号,餐饮,慈溪小吃快餐,浙江省,宁波,慈溪市,0574-82299603
42421876,米鱼记古法粥铺（亚细亚店）,海曙区药行街169号亚细亚商场A区5楼,餐饮,小吃快餐,浙江省,宁波,海曙区,0574-87247722/18957877017
41963012,烤鱼王（百丈南路店）,鄞州区百丈南路4号-7室,餐饮,香锅烤鱼,浙江省,宁波,鄞州区,13566006841/13486404705
1561592,出前一品豆捞（南门店）,慈溪市慈溪南门大街6号（圣巴里咖啡向北走20米，中央大厦东侧）,餐饮,慈溪火锅,浙江省,宁波,慈溪市,0574-63207799
5868613,余姚宾馆·新京都日本料理（余姚店）,余姚市舜水南路108号余姚宾馆二楼,餐饮,余姚日本菜,浙江省,宁波,余姚市,0574-62736177
5211730,AZI CAKE·阿紫（东部新城旗舰店）,鄞州区舒波路365弄20号保利悠悦汇2号楼1楼,餐饮,生日蛋糕,浙江省,宁波,鄞州区,13757491366
4713369,壹号铺,宁海县兴宁中路296号（大观文化园内）,餐饮,宁海生日蛋糕,浙江省,宁波,宁海县,18667896109
6146466,比尔奇原切牛排自助餐厅（招宝广场店）,镇海区招宝山街道西街73号2—16室,餐饮,自助餐,浙江省,宁波,镇海区,0574-86267898
6132508,正新鸡排（华润店）,慈溪市解放中街171号（华润万家大门口）,餐饮,慈溪小吃快餐,浙江省,宁波,慈溪市,15267800013
2646839,汉堡王（宁波天一店）,海曙区药行街152号天一广场酷购A区第一/二层21F1048室,餐饮,西餐,浙江省,宁波,海曙区,0574-87084257/17606585150
41377571,LADYKIN小女人（胜山店）,慈溪市胜山镇马潭南路526号（胜地名苑）,餐饮,慈溪生日蛋糕,浙江省,宁波,慈溪市,13968209004
41798274,小猫钓鱼（保利店）,慈溪市宗汉街道三北西大街1555号（滨湖天地城A2-063、A2-064号）,餐饮,慈溪火锅,浙江省,宁波,慈溪市,0574-63248686/13967886962
40023364,巴必屋（丈亭店）,余姚市丈亭镇新民中路111号（家家福隔壁）,餐饮,余姚西餐,浙江省,宁波,余姚市,0574-62719168
4964061,MY.girl蜜菓（南雷路店）,余姚市太平洋后街南雷路10-2号（金泰百货东门）,餐饮,余姚饮品店,浙江省,宁波,余姚市,13738401048
1414588,局百犊（骆驼店）,镇海区东邑北路518号（骆驼街道欧尚超市一层ZH-1007）,餐饮,西餐,浙江省,宁波,镇海区,0574-87008877
5997382,橙家日本料理,北仑区岷山路386号康桥小镇一楼（红典KTV后面）,餐饮,日本菜,浙江省,宁波,北仑区,0574-86865810
1490562,唐雲轩,慈溪市古塘街道孙塘北路1009号,餐饮,慈溪江浙菜,浙江省,宁波,慈溪市,0574-63079999/13858314488
5359322,老渔夫蟹煲（鄞州万达店）,鄞州区四明中路后庙街26号（鄞州万达广场对面）,餐饮,江浙菜,浙江省,宁波,鄞州区,0574-55848728
4442122,阿二农庄,镇海区雄镇路1888号（雄镇路立交桥）,餐饮,江浙菜,浙江省,宁波,镇海区,13606841107
2534193,梅龙镇（南塘老街店）,海曙区南郊路306号（南塘老街）,餐饮,江浙菜,浙江省,宁波,海曙区,0574-87621940
6224357,川乐小镇尚品麻辣香锅（银泰百货店）,海曙区中山东路238号银泰百货7层7F-A5、A6,餐饮,香锅烤鱼,浙江省,宁波,海曙区,13353337277
6376949,乡村烤鱼（逍林店）,慈溪市逍林镇林西路393号,餐饮,慈溪香锅烤鱼,浙江省,宁波,慈溪市,13989394789
6201840,小味道（128广场店）,鄞州区启明路818号（128广场）,餐饮,川湘菜,浙江省,宁波,鄞州区,0574-88392177
41398160,亲故（1902万科店）,镇海区万科广场4楼,餐饮,日韩料理,浙江省,宁波,镇海区,15268387131
849620,意卡菲·观景旋转餐厅（中农信店）,海曙区中山东路181号中农信大厦35楼（近和义大道）,餐饮,特色菜,浙江省,宁波,海曙区,0574-87717777
40781331,凯丝贝拉烘焙,余姚市临山镇十字南路38号菜场门口（合作信用社对面）,餐饮,余姚生日蛋糕,浙江省,宁波,余姚市,0574-62055253/15058209690
4922153,北疆饭店（高鑫广场店）,海曙区新星路111号高鑫广场3层,餐饮,新疆菜,浙江省,宁波,海曙区,0574-87253800
1857257,山水一号·中餐厅,鄞州区东钱湖度假区环湖东路下水村,餐饮,江浙菜,浙江省,宁波,鄞州区,0574-56101999
2481792,成功再回首泡椒牛蛙（天一总店）,海曙区狮子街140号（狮子街与竺家巷交叉口东北角）,餐饮,川湘菜,浙江省,宁波,海曙区,0574-87804531
4814129,汉堡王（宁波来福士店）,江北区大庆南路99号B1层B148号（10:00-22:00）,餐饮,西餐,浙江省,宁波,江北区,0574-87465317
42323999,王的披萨（镇海总店）,镇海区工农路120号,餐饮,西餐,浙江省,宁波,镇海区,18758826518
42837753,喔爸韩国料理（环球银泰城店）,鄞州区天童南路1088号银泰环球城5楼528号,餐饮,日韩料理,浙江省,宁波,鄞州区,15258123310/19979309401
1856981,大丰收鱼庄（万达江北店）,江北区江北大道188号万达广场3层,餐饮,火锅,浙江省,宁波,江北区,0574-87379178
1857502,布朗尼意式休闲餐厅（大碶店）,北仑区大碶镇人民南路184号（近坝头西路）,餐饮,西餐,浙江省,宁波,北仑区,0574-86830689
51594385,火地铁板烧（环球银泰城店）,鄞州区天童南路1088号环球银泰城4层,餐饮,日本菜,浙江省,宁波,鄞州区,0574-88021025/15888535731
1857394,川德火锅（聪园路店）,镇海区聪园路256号,餐饮,火锅,浙江省,宁波,镇海区,0574-86270316
1172906,涌香海鲜世界,鄞州区舟宿夜江广场88号（近长丰桥）,餐饮,江浙菜,浙江省,宁波,鄞州区,0574-88321777
3246645,天宁凯利时尚餐厅,鄞州区和济街116号（市交通运输委员会对面）,餐饮,江浙菜,浙江省,宁波,鄞州区,0574-89119696
4893069,黄手艺冒菜（初六食仓店）,北仑区中河路399号银泰城4层初六食仓内,餐饮,小吃快餐,浙江省,宁波,北仑区,15869587974
70664,MEVLANA 土耳其餐厅,江北区老外滩人民路112号（大时代对面）,餐饮,西餐,浙江省,宁波,江北区,0574-88482112
5685062,蟹品汇·迷踪蟹蟹煲,宁海县兴工二路103号,餐饮,宁海火锅,浙江省,宁波,宁海县,0574-65505997
4009273,老板娘新光大酒店西餐厅,北仑区明州路789号（小山公园）,餐饮,西餐,浙江省,宁波,北仑区,0574-86857127/86857128
5388293,布朗尼意式休闲餐厅（大榭店）,北仑区大榭海港路邻里中心116号,餐饮,西餐,浙江省,宁波,北仑区,0574-86761196
4951224,周记烤鱼,慈溪市逍林镇樟新北路133号（逍林汉堡小子对面）,餐饮,慈溪香锅烤鱼,浙江省,宁波,慈溪市,15901952904
4997990,蜜菓蜜制鲜饮（逍林林西路店）,慈溪市逍林镇林西路96号,餐饮,慈溪饮品店,浙江省,宁波,慈溪市,0574-63486663/13858333958
40701582,尚品宫韩式纸上自助烧烤（培罗成店）,鄞州区鄞县大道下应段277号培罗成商业广场1楼西门（下应街道办事处北）,餐饮,烧烤烤串,浙江省,宁波,鄞州区,0574-89251910
50048179,叶氏兄弟果业（文山路7店）,余姚市文山路550号（人民医院斜对面工商银行边）,餐饮,余姚外卖,浙江省,宁波,余姚市,0574-62807788
6891950,桶茶（周巷店）,慈溪市周巷振工路133号,餐饮,慈溪饮品店,浙江省,宁波,慈溪市,15088449848
2775992,村夫烤鱼（跃龙店）,宁海县跃龙路8号（海阔天空对面）,餐饮,宁海香锅烤鱼,浙江省,宁波,宁海县,0574-65555540/15869579336
4632046,天宫南铂玫瑰园酒店,鄞州区天宫路777号天宫庄园内,餐饮,江浙菜,浙江省,宁波,鄞州区,0574-88008175
4680165,大丰收鱼庄（来福士店）,江北区大庆南路99号来福士广场四楼,餐饮,火锅,浙江省,宁波,江北区,0574-87073353
6590245,乌托邦花园西餐厅（中官西路店）,镇海区中官西路1060号嘉盛银座E号楼,餐饮,西餐,浙江省,宁波,镇海区,0574-86682224/18758881864
6540399,欧拉米,鄞州区姜山镇人民中路115号（原肯肯汉堡店）,餐饮,生日蛋糕,浙江省,宁波,鄞州区,0574-88226080/18069227656
6879745,好爸爸（外滩店）,江北区中马街道人民路60号,餐饮,江河湖海鲜,浙江省,宁波,江北区,0574-27714567
41468221,汉堡王（富邦广场店）,北仑区黄山路857号北仑富邦商业广场C区1层62-1,餐饮,西餐,浙江省,宁波,北仑区,0574-86801277
5469290,小涵韩式料理,海曙区丽园北路恒茂商业广场4号,餐饮,日韩料理,浙江省,宁波,海曙区,15888512829
64640305,绝味烤猪蹄（新恒公寓店）,北仑区新大路289号（果佳佳水果超市旁）,餐饮,小吃快餐,浙江省,宁波,北仑区,13486625330
40403601,大傻烤鱼（泗门第四分店）,余姚市中华路39号,餐饮,余姚香锅烤鱼,浙江省,宁波,余姚市,15990225469
4365223,亲爱的郭（北仑银泰城店）,北仑区中河路399号银泰城4层,餐饮,火锅,浙江省,宁波,北仑区,0574-86866186/18658486801
2442085,松山日式料理（慈溪店）,慈溪市古塘街道浒山路23号,餐饮,慈溪日本菜,浙江省,宁波,慈溪市,0574-63818990
4760772,顺水鱼馆&守柴炉烤鸭（宁波店）,慈溪市杭州湾新区世纪金源广场购物中心4楼,餐饮,慈溪火锅,浙江省,宁波,慈溪市杭州湾新区,0574-63776260
6460818,渝盛楼自助火锅烧烤,余姚市329国道金星宾馆旁边,餐饮,余姚自助餐,浙江省,宁波,余姚市,18358664512
4260144,楚浏湘（128广场店）,鄞州区鄞县大道与启明路交叉口西北侧（创新128广场内一二楼西北角）,餐饮,川湘菜,浙江省,宁波,鄞州区,0574-89251908
42317964,海悦天籁咖啡,北仑区东海路戚家山街道海悦公寓,餐饮,江浙菜,浙江省,宁波,北仑区,0574-86232008
4994143,华侨温德姆豪廷轩中餐厅,海曙区柳汀街230号,餐饮,江浙菜,浙江省,宁波,海曙区,0574-27708077
6036231,哆吉客（4店）,余姚市阳明西路358号（宁波银行西侧）,餐饮,余姚小吃快餐,浙江省,宁波,余姚市,0574-22229957
50983280,三秦面馆（王隘路店）,鄞州区王隘路63-1号（孔雀小区东门旁边）,餐饮,小吃快餐,浙江省,宁波,鄞州区,18658268856
850964,九龙阁中餐厅（开元九龙湖度假村店）,镇海区九龙湖镇郎家坪开元华城九龙湖渡假村1楼,餐饮,江浙菜,浙江省,宁波,镇海区,0574-86538888
849261,蟹满香煲庄（联丰店）,海曙区联丰中路与薛家南路交汇处宁波缤纷城三楼（铂澜大象城3楼）,餐饮,江河湖海鲜,浙江省,宁波,海曙区,0574-83860877
